"STATION","DATE","LATITUDE","LONGITUDE","ELEVATION","NAME","TEMP","TEMP_ATTRIBUTES","DEWP","DEWP_ATTRIBUTES","SLP","SLP_ATTRIBUTES","STP","STP_ATTRIBUTES","VISIB","VISIB_ATTRIBUTES","WDSP","WDSP_ATTRIBUTES","MXSPD","GUST","MAX","MAX_ATTRIBUTES","MIN","MIN_ATTRIBUTES","PRCP","PRCP_ATTRIBUTES","SNDP","FRSHTT"
"72037492825","2008-01-01","27.91556","-82.44917","2.4","TAMPA PETER O KNIGHT AIRPORT, FL US","  70.3","24","  65.2","24","9999.9"," 0","020.4","23","  6.5","24","  3.7","24"," 12.0"," 18.1","  73.4","*","  60.8","*","99.99"," ","999.9","010000"
"72037492825","2008-01-02","27.91556","-82.44917","2.4","TAMPA PETER O KNIGHT AIRPORT, FL US","  48.4","24","  30.2","24","9999.9"," 0","027.9","24"," 10.0","24","  8.5","24"," 14.0"," 22.0","  60.8","*","  42.8","*"," 0.00","I","999.9","000000"
"72037492825","2008-01-03","27.91556","-82.44917","2.4","TAMPA PETER O KNIGHT AIRPORT, FL US","  40.0","24","  20.1","24","9999.9"," 0","035.5","24"," 10.0","24"," 10.7","24"," 15.9"," 22.9","  53.6","*","  30.2","*"," 0.00","I","999.9","000000"
"72037492825","2008-01-04","27.91556","-82.44917","2.4","TAMPA PETER O KNIGHT AIRPORT, FL US","  49.1","24","  37.8","24","9999.9"," 0","035.0","24"," 10.0","24"," 10.9","24"," 15.9"," 20.0","  66.2","*","  39.2","*"," 0.00","I","999.9","000000"
"72037492825","2008-01-05","27.91556","-82.44917","2.4","TAMPA PETER O KNIGHT AIRPORT, FL US","  58.7","24","  51.4","24","9999.9"," 0","029.2","24"," 10.0","24","  6.9","24"," 11.1"," 14.0","  73.4","*","  48.2","*"," 0.00","I","999.9","000000"
"72037492825","2008-01-06","27.91556","-82.44917","2.4","TAMPA PETER O KNIGHT AIRPORT, FL US","  63.7","24","  58.7","24","9999.9"," 0","025.4","24","  7.6","24","  3.9","24","  8.0","999.9","  77.0","*","  55.4","*"," 0.00","I","999.9","100000"
"72037492825","2008-01-07","27.91556","-82.44917","2.4","TAMPA PETER O KNIGHT AIRPORT, FL US","  67.5","24","  60.4","24","9999.9"," 0","024.6","24"," 10.0","24","  5.0","24"," 12.0"," 26.0","  80.6","*","  59.0","*"," 0.00","I","999.9","000000"
"72037492825","2008-01-08","27.91556","-82.44917","2.4","TAMPA PETER O KNIGHT AIRPORT, FL US","  69.7","24","  62.4","24","9999.9"," 0","023.4","24"," 10.0","24","  4.8","24","  8.0","999.9","  80.6","*","  62.6","*"," 0.00","I","999.9","000000"
"72037492825","2008-01-09","27.91556","-82.44917","2.4","TAMPA PETER O KNIGHT AIRPORT, FL US","  66.9","24","  59.0","24","9999.9"," 0","021.1","24"," 10.0","24","  1.9","24","  7.0","999.9","  78.8","*","  57.2","*"," 0.00","I","999.9","000000"
"72037492825","2008-01-10","27.91556","-82.44917","2.4","TAMPA PETER O KNIGHT AIRPORT, FL US","  67.8","24","  63.3","24","9999.9"," 0","018.5","24","  9.5","24","  3.7","24","  8.0"," 32.1","  80.6","*","  60.8","*"," 0.00","I","999.9","000000"
"72037492825","2008-01-11","27.91556","-82.44917","2.4","TAMPA PETER O KNIGHT AIRPORT, FL US","  68.4","24","  65.2","24","9999.9"," 0","014.5","24"," 10.0","24","  4.4","24"," 12.0"," 41.0","  78.8","*","  62.6","*"," 0.00","I","999.9","000000"
"72037492825","2008-01-12","27.91556","-82.44917","2.4","TAMPA PETER O KNIGHT AIRPORT, FL US","  68.6","24","  66.8","24","9999.9"," 0","013.6","24","  9.5","24","  3.2","24","  9.9"," 35.0","  78.8","*","  62.6","*"," 0.00","I","999.9","000000"
"72037492825","2008-01-13","27.91556","-82.44917","2.4","TAMPA PETER O KNIGHT AIRPORT, FL US","  70.0","24","  69.2","24","9999.9"," 0","014.2","24","  6.7","24","  4.0","24","  9.9"," 26.0","  75.2","*","  66.2","*","99.99"," ","999.9","110000"
"72037492825","2008-01-14","27.91556","-82.44917","2.4","TAMPA PETER O KNIGHT AIRPORT, FL US","  60.1","24","  46.4","24","9999.9"," 0","019.5","24"," 10.0","24","  5.2","24"," 11.1"," 15.9","  66.2","*","  53.6","*"," 0.00","I","999.9","000000"
"72037492825","2008-01-15","27.91556","-82.44917","2.4","TAMPA PETER O KNIGHT AIRPORT, FL US","  53.5","24","  32.9","24","9999.9"," 0","021.9","24"," 10.0","24","  4.9","24"," 11.1"," 18.1","  62.6","*","  44.6","*"," 0.00","I","999.9","000000"
"72037492825","2008-01-16","27.91556","-82.44917","2.4","TAMPA PETER O KNIGHT AIRPORT, FL US","  59.7","24","  43.4","24","9999.9"," 0","018.8","24"," 10.0","24"," 10.6","24"," 20.0"," 42.0","  73.4","*","  51.8","*"," 0.00","I","999.9","000000"
"72037492825","2008-01-17","27.91556","-82.44917","2.4","TAMPA PETER O KNIGHT AIRPORT, FL US","  67.4","24","  64.7","24","9999.9"," 0","014.3","24","  8.2","24","  9.3","23"," 26.0"," 35.9","  71.6","*","  62.6","*","99.99"," ","999.9","010000"
"72037492825","2008-01-18","27.91556","-82.44917","2.4","TAMPA PETER O KNIGHT AIRPORT, FL US","  64.0","24","  62.8","24","9999.9"," 0","017.8","24","  9.0","24","  1.1","24","  5.1","999.9","  68.0","*","  60.8","*"," 0.00","I","999.9","000000"
"72037492825","2008-01-19","27.91556","-82.44917","2.4","TAMPA PETER O KNIGHT AIRPORT, FL US","  66.8","24","  66.1","24","9999.9"," 0","015.3","24","  5.6","24","  4.2","24"," 15.9"," 32.1","  77.0","*","  62.6","*","99.99"," ","999.9","110000"
"72037492825","2008-01-20","27.91556","-82.44917","2.4","TAMPA PETER O KNIGHT AIRPORT, FL US","  55.0","24","  45.4","24","9999.9"," 0","021.4","24","  9.8","24"," 10.3","24"," 15.9"," 31.1","  68.0","*","  44.6","*","99.99"," ","999.9","010000"
"72037492825","2008-01-21","27.91556","-82.44917","2.4","TAMPA PETER O KNIGHT AIRPORT, FL US","  54.0","24","  40.3","24","9999.9"," 0","029.2","24"," 10.0","24"," 12.6","24"," 18.1"," 24.1","  73.4","*","  42.8","*"," 0.00","I","999.9","000000"
"72037492825","2008-01-22","27.91556","-82.44917","2.4","TAMPA PETER O KNIGHT AIRPORT, FL US","  66.0","24","  58.7","24","9999.9"," 0","023.2","14"," 10.0","24","  7.7","24"," 12.0"," 35.9","  80.6","*","  57.2","*","99.99"," ","999.9","010000"
"72037492825","2008-01-23","27.91556","-82.44917","2.4","TAMPA PETER O KNIGHT AIRPORT, FL US","  69.7","24","  67.4","24","9999.9"," 0","018.1","24","  9.0","24","  3.5","24","  8.0","999.9","  75.2","*","  66.2","*","99.99"," ","999.9","010000"
"72037492825","2008-01-24","27.91556","-82.44917","2.4","TAMPA PETER O KNIGHT AIRPORT, FL US","  65.1","24","  64.2","24","9999.9"," 0","017.9","24","  6.2","24","  2.8","24","  9.9"," 19.0","  69.8","*","  60.8","*"," 0.00","I","999.9","100000"
"72037492825","2008-01-25","27.91556","-82.44917","2.4","TAMPA PETER O KNIGHT AIRPORT, FL US","  57.6","24","  47.9","24","9999.9"," 0","024.3","24"," 10.0","24","  9.4","24"," 17.1"," 31.1","  66.2","*","  44.6","*"," 0.00","I","999.9","000000"
"72037492825","2008-01-26","27.91556","-82.44917","2.4","TAMPA PETER O KNIGHT AIRPORT, FL US","  57.6","24","  52.8","24","9999.9"," 0","023.6","24"," 10.0","24","  6.0","24"," 11.1"," 19.0","  66.2","*","  48.2","*","99.99"," ","999.9","010000"
"72037492825","2008-01-27","27.91556","-82.44917","2.4","TAMPA PETER O KNIGHT AIRPORT, FL US","  62.6","24","  56.7","24","9999.9"," 0","019.2","24","  8.6","24","  6.1","24"," 14.0"," 19.0","  68.0","*","  57.2","*","99.99"," ","999.9","010000"
"72037492825","2008-01-28","27.91556","-82.44917","2.4","TAMPA PETER O KNIGHT AIRPORT, FL US","  55.6","24","  40.9","24","9999.9"," 0","021.8","24"," 10.0","24","  4.8","24","  8.9"," 27.0","  68.0","*","  46.4","*"," 0.00","I","999.9","000000"
"72037492825","2008-01-29","27.91556","-82.44917","2.4","TAMPA PETER O KNIGHT AIRPORT, FL US","  57.9","24","  49.6","24","9999.9"," 0","019.4","24"," 10.0","24","  5.5","24"," 13.0"," 31.1","  73.4","*","  46.4","*"," 0.00","I","999.9","000000"
"72037492825","2008-01-30","27.91556","-82.44917","2.4","TAMPA PETER O KNIGHT AIRPORT, FL US","  66.4","24","  60.8","24","9999.9"," 0","016.8","24"," 10.0","24","  8.8","24"," 15.9"," 19.0","  75.2","*","  60.8","*"," 0.00","I","999.9","000000"
"72037492825","2008-01-31","27.91556","-82.44917","2.4","TAMPA PETER O KNIGHT AIRPORT, FL US","  67.8","24","  61.0","24","9999.9"," 0","019.6","24","  9.9","24","  3.0","24","  8.0","999.9","  78.8","*","  57.2","*"," 0.00","I","999.9","000000"
"72037492825","2008-02-01","27.91556","-82.44917","2.4","TAMPA PETER O KNIGHT AIRPORT, FL US","  67.1","24","  61.9","24","9999.9"," 0","020.0","24","  9.7","24","  6.7","24"," 14.0"," 17.1","  73.4","*","  62.6","*","99.99"," ","999.9","010000"
"72037492825","2008-02-02","27.91556","-82.44917","2.4","TAMPA PETER O KNIGHT AIRPORT, FL US","  60.0","24","  52.6","24","9999.9"," 0","022.5","24"," 10.0","24","  3.4","24","  9.9","999.9","  78.8","*","  48.2","*"," 0.00","I","999.9","000000"
"72037492825","2008-02-03","27.91556","-82.44917","2.4","TAMPA PETER O KNIGHT AIRPORT, FL US","  66.6","24","  60.5","24","9999.9"," 0","022.5","24","  9.2","24","  1.4","24","  5.1","999.9","  78.8","*","  57.2","*"," 0.00","I","999.9","000000"
"72037492825","2008-02-04","27.91556","-82.44917","2.4","TAMPA PETER O KNIGHT AIRPORT, FL US","  69.9","24","  64.5","24","9999.9"," 0","021.9","24","  9.0","24","  3.2","24","  6.0","999.9","  82.4","*","  62.6","*"," 0.00","I","999.9","000000"
"72037492825","2008-02-05","27.91556","-82.44917","2.4","TAMPA PETER O KNIGHT AIRPORT, FL US","  71.1","24","  66.4","24","9999.9"," 0","021.6","24","  9.3","24","  2.8","24","  9.9","999.9","  80.6","*","  62.6","*"," 0.00","I","999.9","000000"
"72037492825","2008-02-06","27.91556","-82.44917","2.4","TAMPA PETER O KNIGHT AIRPORT, FL US","  71.8","24","  68.5","24","9999.9"," 0","017.7","24","  9.4","24","  7.1","24"," 17.1"," 42.0","  78.8","*","  66.2","*"," 0.00","I","999.9","000000"
"72037492825","2008-02-07","27.91556","-82.44917","2.4","TAMPA PETER O KNIGHT AIRPORT, FL US","  72.1","24","  70.1","24","9999.9"," 0","015.9","24","  7.8","24","  7.0","24"," 15.9"," 33.0","  80.6","*","  66.2","*"," 0.00","I","999.9","000000"
"72037492825","2008-02-08","27.91556","-82.44917","2.4","TAMPA PETER O KNIGHT AIRPORT, FL US","  70.0","24","  64.0","24","9999.9"," 0","016.1","24","  8.9","24","  3.5","24","  8.9","999.9","  75.2","*","  64.4","*","99.99"," ","999.9","010000"
"72037492825","2008-02-09","27.91556","-82.44917","2.4","TAMPA PETER O KNIGHT AIRPORT, FL US","  66.4","24","  54.0","24","9999.9"," 0","018.0","24"," 10.0","24","  2.4","24","  8.9","999.9","  71.6","*","  62.6","*","99.99"," ","999.9","010000"
"72037492825","2008-02-10","27.91556","-82.44917","2.4","TAMPA PETER O KNIGHT AIRPORT, FL US","  64.1","24","  48.5","24","9999.9"," 0","022.6","24","  9.9","24","  5.8","24"," 15.9"," 35.0","  75.2","*","  55.4","*"," 0.00","I","999.9","000000"
"72037492825","2008-02-11","27.91556","-82.44917","2.4","TAMPA PETER O KNIGHT AIRPORT, FL US","  61.4","24","  42.6","24","9999.9"," 0","024.3","24"," 10.0","24","  7.6","24"," 17.1"," 27.0","  77.0","*","  46.4","*"," 0.00","I","999.9","000000"
"72037492825","2008-02-12","27.91556","-82.44917","2.4","TAMPA PETER O KNIGHT AIRPORT, FL US","  65.1","24","  58.2","24","9999.9"," 0","018.8","24","  9.4","24","  5.3","24"," 12.0"," 20.0","  73.4","*","  59.0","*","99.99"," ","999.9","010000"
"72037492825","2008-02-13","27.91556","-82.44917","2.4","TAMPA PETER O KNIGHT AIRPORT, FL US","  68.0","24","  66.0","24","9999.9"," 0","010.2","24","  9.1","24","  7.8","24"," 13.0"," 35.9","  75.2","*","  60.8","*","99.99"," ","999.9","010000"
"72037492825","2008-02-14","27.91556","-82.44917","2.4","TAMPA PETER O KNIGHT AIRPORT, FL US","  54.9","24","  42.9","24","9999.9"," 0","020.7","24"," 10.0","24","  4.4","24","  9.9"," 19.0","  69.8","*","  39.2","*"," 0.00","I","999.9","000000"
"72037492825","2008-02-15","27.91556","-82.44917","2.4","TAMPA PETER O KNIGHT AIRPORT, FL US","  61.2","24","  51.7","24","9999.9"," 0","023.9","24","  9.4","24","  3.8","24","  8.0","999.9","  75.2","*","  50.0","*"," 0.00","I","999.9","000000"
"72037492825","2008-02-16","27.91556","-82.44917","2.4","TAMPA PETER O KNIGHT AIRPORT, FL US","  66.4","24","  57.4","24","9999.9"," 0","020.9","24","  9.5","24","  4.1","24","  8.0","999.9","  80.6","*","  57.2","*"," 0.00","I","999.9","000000"
"72037492825","2008-02-17","27.91556","-82.44917","2.4","TAMPA PETER O KNIGHT AIRPORT, FL US","  70.2","24","  63.1","24","9999.9"," 0","016.2","24"," 10.0","24","  7.3","24"," 12.0"," 22.0","  80.6","*","  62.6","*"," 0.00","I","999.9","000000"
"72037492825","2008-02-18","27.91556","-82.44917","2.4","TAMPA PETER O KNIGHT AIRPORT, FL US","  71.7","24","  69.0","24","9999.9"," 0","013.9","24","  9.3","24","  7.5","24"," 17.1"," 22.0","  78.8","*","  64.4","*","99.99"," ","999.9","010000"
"72037492825","2008-02-19","27.91556","-82.44917","2.4","TAMPA PETER O KNIGHT AIRPORT, FL US","  63.3","24","  49.3","24","9999.9"," 0","021.7","24"," 10.0","24","  5.0","24"," 12.0"," 28.0","  71.6","*","  55.4","*"," 0.00","I","999.9","000000"
"72037492825","2008-02-20","27.91556","-82.44917","2.4","TAMPA PETER O KNIGHT AIRPORT, FL US","  59.7","24","  41.9","24","9999.9"," 0","023.4","24"," 10.0","24","  5.9","24"," 11.1"," 19.0","  69.8","*","  51.8","*"," 0.00","I","999.9","000000"
"72037492825","2008-02-21","27.91556","-82.44917","2.4","TAMPA PETER O KNIGHT AIRPORT, FL US","  68.2","24","  61.4","24","9999.9"," 0","019.7","24"," 10.0","24","  4.6","24"," 12.0","999.9","  78.8","*","  62.6","*","99.99"," ","999.9","010000"
"72037492825","2008-02-22","27.91556","-82.44917","2.4","TAMPA PETER O KNIGHT AIRPORT, FL US","  72.1","24","  70.0","24","9999.9"," 0","015.8","24","  8.0","24","  5.7","24"," 13.0"," 34.0","  80.6","*","  66.2","*"," 0.00","I","999.9","100000"
"72037492825","2008-02-23","27.91556","-82.44917","2.4","TAMPA PETER O KNIGHT AIRPORT, FL US","  71.3","24","  71.0","24","9999.9"," 0","015.8","24","  6.2","24","  4.5","24"," 15.0"," 34.0","  75.2","*","  69.8","*","99.99"," ","999.9","010000"
"72037492825","2008-02-24","27.91556","-82.44917","2.4","TAMPA PETER O KNIGHT AIRPORT, FL US","  68.8","24","  67.2","24","9999.9"," 0","018.8","24","  8.0","24","  1.2","24","  6.0","999.9","  77.0","*","  62.6","*"," 0.00","I","999.9","000000"
"72037492825","2008-02-25","27.91556","-82.44917","2.4","TAMPA PETER O KNIGHT AIRPORT, FL US","  70.0","24","  65.4","24","9999.9"," 0","017.7","24","  7.0","24","  1.6","24","  6.0","999.9","  78.8","*","  64.4","*"," 0.00","I","999.9","100000"
"72037492825","2008-02-26","27.91556","-82.44917","2.4","TAMPA PETER O KNIGHT AIRPORT, FL US","  72.1","24","  69.8","24","9999.9"," 0","013.0","24","  8.4","24","  8.3","24"," 20.0"," 26.0","  78.8","*","  64.4","*"," 0.00","I","999.9","000000"
"72037492825","2008-02-27","27.91556","-82.44917","2.4","TAMPA PETER O KNIGHT AIRPORT, FL US","  59.1","24","  52.1","24","9999.9"," 0","013.9","24","  9.2","24","  8.3","24"," 12.0"," 29.9","  69.8","*","  51.8","*","99.99"," ","999.9","010000"
"72037492825","2008-02-28","27.91556","-82.44917","2.4","TAMPA PETER O KNIGHT AIRPORT, FL US","  49.3","24","  31.0","24","9999.9"," 0","025.1","24"," 10.0","24","  5.5","24"," 12.0"," 15.0","  59.0","*","  39.2","*"," 0.00","I","999.9","000000"
"72037492825","2008-02-29","27.91556","-82.44917","2.4","TAMPA PETER O KNIGHT AIRPORT, FL US","  55.4","24","  42.2","24","9999.9"," 0","028.0","24"," 10.0","24","  6.3","24"," 11.1"," 20.0","  73.4","*","  44.6","*"," 0.00","I","999.9","000000"
"72037492825","2008-03-01","27.91556","-82.44917","2.4","TAMPA PETER O KNIGHT AIRPORT, FL US","  64.1","24","  53.6","24","9999.9"," 0","025.3","24"," 10.0","24","  4.5","24","  9.9"," 27.0","  75.2","*","  53.6","*"," 0.00","I","999.9","000000"
"72037492825","2008-03-02","27.91556","-82.44917","2.4","TAMPA PETER O KNIGHT AIRPORT, FL US","  65.7","24","  53.7","24","9999.9"," 0","022.0","24"," 10.0","24","  5.9","24"," 12.0"," 21.0","  80.6","*","  55.4","*"," 0.00","I","999.9","000000"
"72037492825","2008-03-03","27.91556","-82.44917","2.4","TAMPA PETER O KNIGHT AIRPORT, FL US","  69.7","24","  59.4","24","9999.9"," 0","020.1","24"," 10.0","24","  8.0","24"," 13.0"," 18.1","  82.4","*","  59.0","*"," 0.00","I","999.9","000000"
"72037492825","2008-03-04","27.91556","-82.44917","2.4","TAMPA PETER O KNIGHT AIRPORT, FL US","  71.6","24","  68.2","24","9999.9"," 0","015.5","24","  9.5","24"," 10.9","24"," 17.1"," 22.9","  75.2","*","  68.0","*","99.99"," ","999.9","010000"
"72037492825","2008-03-05","27.91556","-82.44917","2.4","TAMPA PETER O KNIGHT AIRPORT, FL US","  67.3","24","  62.0","24","9999.9"," 0","014.8","24","  9.5","24","  4.9","24"," 12.0"," 34.0","  71.6","*","  60.8","*","99.99"," ","999.9","010000"
"72037492825","2008-03-06","27.91556","-82.44917","2.4","TAMPA PETER O KNIGHT AIRPORT, FL US","  62.6","24","  57.4","24","9999.9"," 0","016.9","24","  9.9","24","  2.6","24","  7.0","999.9","  73.4","*","  57.2","*","99.99"," ","999.9","010000"
"72037492825","2008-03-07","27.91556","-82.44917","2.4","TAMPA PETER O KNIGHT AIRPORT, FL US","  70.1","24","  67.6","24","9999.9"," 0","011.7","24","  8.8","24"," 11.6","24"," 18.1"," 25.1","  80.6","*","  60.8","*","99.99"," ","999.9","010000"
"72037492825","2008-03-08","27.91556","-82.44917","2.4","TAMPA PETER O KNIGHT AIRPORT, FL US","  64.0","24","  55.0","24","9999.9"," 0","015.6","24","  9.1","24"," 11.0","24"," 18.1"," 28.9","  73.4","*","  53.6","*","99.99"," ","999.9","010000"
"72037492825","2008-03-09","27.91556","-82.44917","2.4","TAMPA PETER O KNIGHT AIRPORT, FL US","  54.6","24","  39.6","24","9999.9"," 0","026.0","24"," 10.0","24","  5.3","24"," 13.0"," 35.0","  68.0","*","  44.6","*"," 0.00","I","999.9","000000"
"72037492825","2008-03-10","27.91556","-82.44917","2.4","TAMPA PETER O KNIGHT AIRPORT, FL US","  62.3","24","  50.6","24","9999.9"," 0","025.7","24"," 10.0","24","  8.4","24"," 14.0"," 20.0","  75.2","*","  51.8","*"," 0.00","I","999.9","000000"
"72037492825","2008-03-11","27.91556","-82.44917","2.4","TAMPA PETER O KNIGHT AIRPORT, FL US","  69.2","24","  59.5","24","9999.9"," 0","020.3","24"," 10.0","24","  4.7","24","  9.9"," 41.0","  77.0","*","  62.6","*"," 0.00","I","999.9","000000"
"72037492825","2008-03-12","27.91556","-82.44917","2.4","TAMPA PETER O KNIGHT AIRPORT, FL US","  68.0","24","  63.7","24","9999.9"," 0","015.0","24","  9.2","24","  4.2","24"," 11.1"," 28.0","  73.4","*","  64.4","*","99.99"," ","999.9","010000"
"72037492825","2008-03-13","27.91556","-82.44917","2.4","TAMPA PETER O KNIGHT AIRPORT, FL US","  63.7","24","  54.7","24","9999.9"," 0","016.9","23"," 10.0","24","  2.7","24","  8.9"," 26.0","  75.2","*","  55.4","*"," 0.00","I","999.9","000000"
"72037492825","2008-03-14","27.91556","-82.44917","2.4","TAMPA PETER O KNIGHT AIRPORT, FL US","  60.7","24","  57.1","24","9999.9"," 0","015.2","22","  8.6","24","  0.9","24","  7.0","999.9","  64.4","*","  55.4","*","99.99"," ","999.9","010000"
"72037492825","2008-03-15","27.91556","-82.44917","2.4","TAMPA PETER O KNIGHT AIRPORT, FL US","  68.8","24","  66.1","24","9999.9"," 0","012.4","24","  9.7","24","  9.2","24"," 17.1"," 42.9","  80.6","*","  60.8","*","99.99"," ","999.9","010000"
"72037492825","2008-03-16","27.91556","-82.44917","2.4","TAMPA PETER O KNIGHT AIRPORT, FL US","  75.5","24","  72.0","24","9999.9"," 0","015.0","24","  8.4","24","  6.5","24"," 12.0"," 19.0","  82.4","*","  71.6","*"," 0.00","I","999.9","000000"
"72037492825","2008-03-17","27.91556","-82.44917","2.4","TAMPA PETER O KNIGHT AIRPORT, FL US","  71.8","24","  62.7","24","9999.9"," 0","022.6","24"," 10.0","24","  9.8","24"," 15.9"," 22.0","  82.4","*","  62.6","*"," 0.00","I","999.9","000000"
"72037492825","2008-03-18","27.91556","-82.44917","2.4","TAMPA PETER O KNIGHT AIRPORT, FL US","  71.4","24","  61.8","24","9999.9"," 0","022.2","24"," 10.0","24","  9.2","24"," 18.1"," 24.1","  82.4","*","  62.6","*"," 0.00","I","999.9","000000"
"72037492825","2008-03-19","27.91556","-82.44917","2.4","TAMPA PETER O KNIGHT AIRPORT, FL US","  73.5","24","  65.7","24","9999.9"," 0","016.9","24"," 10.0","24"," 13.1","24"," 19.0"," 26.0","  82.4","*","  66.2","*"," 0.00","I","999.9","000000"
"72037492825","2008-03-20","27.91556","-82.44917","2.4","TAMPA PETER O KNIGHT AIRPORT, FL US","  71.5","24","  64.9","24","9999.9"," 0","015.7","24","  9.8","24","  8.5","24"," 19.0"," 25.1","  78.8","*","  64.4","*","99.99"," ","999.9","010000"
"72037492825","2008-03-21","27.91556","-82.44917","2.4","TAMPA PETER O KNIGHT AIRPORT, FL US","  66.7","24","  52.3","24","9999.9"," 0","021.5","24"," 10.0","24","  7.9","24"," 14.0"," 22.9","  80.6","*","  53.6","*"," 0.00","I","999.9","000000"
"72037492825","2008-03-22","27.91556","-82.44917","2.4","TAMPA PETER O KNIGHT AIRPORT, FL US","  67.1","24","  60.6","24","9999.9"," 0","017.5","24","  9.0","24","  4.0","24"," 11.1"," 15.0","  73.4","*","  62.6","*","99.99"," ","999.9","010000"
"72037492825","2008-03-23","27.91556","-82.44917","2.4","TAMPA PETER O KNIGHT AIRPORT, FL US","  69.7","24","  66.3","24","9999.9"," 0","014.3","24","  8.0","24","  3.1","24","  8.0","999.9","  78.8","*","  66.2","*","99.99"," ","999.9","010000"
"72037492825","2008-03-24","27.91556","-82.44917","2.4","TAMPA PETER O KNIGHT AIRPORT, FL US","  65.1","24","  51.9","24","9999.9"," 0","017.9","24","  9.9","24","  7.6","24"," 12.0"," 25.1","  71.6","*","  59.0","*"," 0.00","I","999.9","000000"
"72037492825","2008-03-25","27.91556","-82.44917","2.4","TAMPA PETER O KNIGHT AIRPORT, FL US","  56.7","24","  35.1","24","9999.9"," 0","025.8","24"," 10.0","24","  8.4","24"," 14.0"," 20.0","  69.8","*","  44.6","*"," 0.00","I","999.9","000000"
"72037492825","2008-03-26","27.91556","-82.44917","2.4","TAMPA PETER O KNIGHT AIRPORT, FL US","  62.1","24","  50.5","24","9999.9"," 0","026.8","24"," 10.0","24","  6.4","24","  9.9"," 14.0","  75.2","*","  51.8","*"," 0.00","I","999.9","000000"
"72037492825","2008-03-27","27.91556","-82.44917","2.4","TAMPA PETER O KNIGHT AIRPORT, FL US","  66.4","24","  55.6","24","9999.9"," 0","021.9","24","  9.4","24","  4.4","24","  9.9"," 26.0","  78.8","*","  55.4","*"," 0.00","I","999.9","000000"
"72037492825","2008-03-28","27.91556","-82.44917","2.4","TAMPA PETER O KNIGHT AIRPORT, FL US","  69.1","24","  58.2","24","9999.9"," 0","018.9","17"," 10.0","24","  3.1","24","  8.9","999.9","  82.4","*","  59.0","*"," 0.00","I","999.9","000000"
"72037492825","2008-03-29","27.91556","-82.44917","2.4","TAMPA PETER O KNIGHT AIRPORT, FL US","  72.0","24","  59.7","24","9999.9"," 0","999.9"," 0","  9.9","24","  3.4","24","  7.0","999.9","  84.2","*","  62.6","*"," 0.00","I","999.9","000000"
"72037492825","2008-03-30","27.91556","-82.44917","2.4","TAMPA PETER O KNIGHT AIRPORT, FL US","  73.5","24","  62.9","24","9999.9"," 0","999.9"," 0"," 10.0","24","  5.7","24"," 18.1"," 23.9","  84.2","*","  64.4","*"," 0.00","I","999.9","000000"
"72037492825","2008-03-31","27.91556","-82.44917","2.4","TAMPA PETER O KNIGHT AIRPORT, FL US","  72.1","24","  65.2","24","9999.9"," 0","020.5","12","  9.0","24"," 10.8","24"," 16.9"," 25.1","  87.8","*","  64.4","*"," 0.00","I","999.9","000000"
"72037492825","2008-04-01","27.91556","-82.44917","2.4","TAMPA PETER O KNIGHT AIRPORT, FL US","  75.1","24","  68.8","24","9999.9"," 0","019.9","24","  9.5","24","  4.8","24"," 12.0"," 22.9","  86.0","*","  66.2","*","99.99"," ","999.9","010000"
"72037492825","2008-04-02","27.91556","-82.44917","2.4","TAMPA PETER O KNIGHT AIRPORT, FL US","  72.4","24","  67.1","24","9999.9"," 0","020.9","24","  9.1","24","  4.4","24"," 21.0"," 28.0","  86.0","*","  64.4","*","99.99"," ","999.9","010000"
"72037492825","2008-04-03","27.91556","-82.44917","2.4","TAMPA PETER O KNIGHT AIRPORT, FL US","  73.9","24","  70.8","24","9999.9"," 0","020.7","24","  9.2","24","  5.5","24"," 18.1"," 29.9","  84.2","*","  68.0","*","99.99"," ","999.9","010000"
"72037492825","2008-04-04","27.91556","-82.44917","2.4","TAMPA PETER O KNIGHT AIRPORT, FL US","  75.7","24","  70.8","24","9999.9"," 0","018.0","24","  9.8","24","  7.4","24"," 15.9"," 22.0","  84.2","*","  69.8","*"," 0.00","I","999.9","000000"
"72037492825","2008-04-05","27.91556","-82.44917","2.4","TAMPA PETER O KNIGHT AIRPORT, FL US","  77.1","24","  72.9","24","9999.9"," 0","014.9","24","  9.9","24"," 10.3","24"," 17.1"," 22.9","  84.2","*","  71.6","*"," 0.00","I","999.9","000000"
"72037492825","2008-04-06","27.91556","-82.44917","2.4","TAMPA PETER O KNIGHT AIRPORT, FL US","  70.1","24","  68.2","24","9999.9"," 0","014.4","24","  9.3","24","  6.3","24"," 15.9"," 25.1","  78.8","*","  66.2","*","99.99"," ","999.9","010000"
"72037492825","2008-04-07","27.91556","-82.44917","2.4","TAMPA PETER O KNIGHT AIRPORT, FL US","  68.8","24","  65.8","24","9999.9"," 0","014.1","24","  7.7","24","  3.3","24"," 11.1"," 14.0","  80.6","*","  64.4","*","99.99"," ","999.9","110000"
"72037492825","2008-05-01","27.91556","-82.44917","2.4","TAMPA PETER O KNIGHT AIRPORT, FL US","  83.4"," 7","  57.2"," 7","9999.9"," 0","017.2"," 6"," 10.0"," 7","  9.3"," 7"," 14.0"," 17.1","  86.0","*","  78.8","*"," 0.00","I","999.9","000000"
"72037492825","2008-05-02","27.91556","-82.44917","2.4","TAMPA PETER O KNIGHT AIRPORT, FL US","  73.9","24","  58.8","24","9999.9"," 0","017.5","24"," 10.0","24","  8.2","24"," 15.0"," 22.0","  86.0","*","  62.6","*"," 0.00","I","999.9","000000"
"72037492825","2008-05-03","27.91556","-82.44917","2.4","TAMPA PETER O KNIGHT AIRPORT, FL US","  75.3","24","  63.4","24","9999.9"," 0","016.6","24"," 10.0","24","  6.8","24"," 14.0"," 18.1","  87.8","*","  64.4","*"," 0.00","I","999.9","000000"
"72037492825","2008-05-04","27.91556","-82.44917","2.4","TAMPA PETER O KNIGHT AIRPORT, FL US","  76.6","24","  67.6","24","9999.9"," 0","016.3","24","  9.9","24","  4.2","24","  8.9","999.9","  84.2","*","  69.8","*"," 0.00","I","999.9","000000"
"72037492825","2008-05-05","27.91556","-82.44917","2.4","TAMPA PETER O KNIGHT AIRPORT, FL US","  76.0","24","  66.7","24","9999.9"," 0","016.2","24","  9.4","24","  3.6","24","  8.0"," 14.0","  84.2","*","  68.0","*"," 0.00","I","999.9","000000"
"72037492825","2008-05-06","27.91556","-82.44917","2.4","TAMPA PETER O KNIGHT AIRPORT, FL US","  76.8","24","  60.8","24","9999.9"," 0","015.1","24"," 10.0","24","  3.1","24","  8.9","999.9","  87.8","*","  68.0","*"," 0.00","I","999.9","000000"
"72037492825","2008-05-07","27.91556","-82.44917","2.4","TAMPA PETER O KNIGHT AIRPORT, FL US","  76.9","24","  61.3","24","9999.9"," 0","014.8","24","  9.3","24","  5.6","24","  8.9","999.9","  91.4","*","  64.4","*"," 0.00","I","999.9","000000"
"72037492825","2008-05-08","27.91556","-82.44917","2.4","TAMPA PETER O KNIGHT AIRPORT, FL US","  77.6","24","  70.5","24","9999.9"," 0","013.9","24","  9.4","24","  6.2","24"," 14.0"," 20.0","  87.8","*","  69.8","*"," 0.00","I","999.9","000000"
"72037492825","2008-05-09","27.91556","-82.44917","2.4","TAMPA PETER O KNIGHT AIRPORT, FL US","  80.1","24","  74.0","24","9999.9"," 0","013.0","24"," 10.0","24","  8.2","24"," 14.0"," 18.1","  87.8","*","  75.2","*"," 0.00","I","999.9","000000"
"72037492825","2008-05-10","27.91556","-82.44917","2.4","TAMPA PETER O KNIGHT AIRPORT, FL US","  81.0","24","  74.8","24","9999.9"," 0","013.3","24"," 10.0","24","  5.1","24"," 11.1"," 15.0","  87.8","*","  75.2","*"," 0.00","I","999.9","000000"
"72037492825","2008-05-11","27.91556","-82.44917","2.4","TAMPA PETER O KNIGHT AIRPORT, FL US","  81.0","24","  75.0","24","9999.9"," 0","011.8","24","  9.8","24","  6.8","24"," 14.0"," 22.0","  87.8","*","  75.2","*"," 0.00","I","999.9","000000"
"72037492825","2008-05-12","27.91556","-82.44917","2.4","TAMPA PETER O KNIGHT AIRPORT, FL US","  78.7","24","  65.9","24","9999.9"," 0","011.0","24","  8.9","24","  8.4","24"," 14.0"," 22.9","  80.6","*","  73.4","*"," 0.00","I","999.9","000000"
"72037492825","2008-05-13","27.91556","-82.44917","2.4","TAMPA PETER O KNIGHT AIRPORT, FL US","  75.2","24","  57.1","24","9999.9"," 0","015.1","24"," 10.0","24","  3.1","24","  9.9","999.9","  87.8","*","  66.2","*"," 0.00","I","999.9","000000"
"72037492825","2008-05-14","27.91556","-82.44917","2.4","TAMPA PETER O KNIGHT AIRPORT, FL US","  76.6","24","  60.6","24","9999.9"," 0","018.2","24"," 10.0","24","  6.6","24"," 13.0"," 18.1","  87.8","*","  66.2","*"," 0.00","I","999.9","000000"
"72037492825","2008-05-15","27.91556","-82.44917","2.4","TAMPA PETER O KNIGHT AIRPORT, FL US","  76.5","24","  62.8","24","9999.9"," 0","017.4","24"," 10.0","24","  7.7","24"," 12.0"," 17.1","  86.0","*","  66.2","*"," 0.00","I","999.9","000000"
"72037492825","2008-05-16","27.91556","-82.44917","2.4","TAMPA PETER O KNIGHT AIRPORT, FL US","  78.1","24","  71.5","24","9999.9"," 0","015.2","24","  9.9","24","  7.9","24"," 15.0"," 20.0","  87.8","*","  71.6","*"," 0.00","I","999.9","000000"
"72037492825","2008-05-17","27.91556","-82.44917","2.4","TAMPA PETER O KNIGHT AIRPORT, FL US","  79.5","24","  75.1","24","9999.9"," 0","013.3","24","  9.2","24","  6.2","24"," 11.1","999.9","  84.2","*","  75.2","*","99.99"," ","999.9","010000"
"72037492825","2008-05-18","27.91556","-82.44917","2.4","TAMPA PETER O KNIGHT AIRPORT, FL US","  80.1","24","  75.5","24","9999.9"," 0","011.9","24","  9.6","24","  5.2","24"," 14.0"," 20.0","  86.0","*","  77.0","*","99.99"," ","999.9","010000"
"72037492825","2008-05-19","27.91556","-82.44917","2.4","TAMPA PETER O KNIGHT AIRPORT, FL US","  78.2","24","  74.7","24","9999.9"," 0","012.2","24","  9.4","24","  4.8","24"," 12.0"," 18.1","  82.4","*","  71.6","*","99.99"," ","999.9","010000"
"72037492825","2008-05-20","27.91556","-82.44917","2.4","TAMPA PETER O KNIGHT AIRPORT, FL US","  78.9","24","  75.3","24","9999.9"," 0","011.7","24","  9.9","24","  6.8","24"," 18.1"," 22.0","  82.4","*","  75.2","*","99.99"," ","999.9","010000"
"72037492825","2008-05-21","27.91556","-82.44917","2.4","TAMPA PETER O KNIGHT AIRPORT, FL US","  80.0","24","  73.9","24","9999.9"," 0","009.6","24"," 10.0","24","  6.1","24"," 11.1"," 15.9","  87.8","*","  75.2","*"," 0.00","I","999.9","000000"
"72037492825","2008-05-22","27.91556","-82.44917","2.4","TAMPA PETER O KNIGHT AIRPORT, FL US","  79.8","24","  74.6","24","9999.9"," 0","011.0","24"," 10.0","24","  3.7","24","  7.0","999.9","  82.4","*","  77.0","*","99.99"," ","999.9","010000"
"72037492825","2008-05-23","27.91556","-82.44917","2.4","TAMPA PETER O KNIGHT AIRPORT, FL US","  80.5","24","  73.7","24","9999.9"," 0","013.6","24","  9.9","24","  5.2","24","  8.9"," 15.0","  91.4","*","  73.4","*","99.99"," ","999.9","010000"
"72037492825","2008-05-24","27.91556","-82.44917","2.4","TAMPA PETER O KNIGHT AIRPORT, FL US","  82.2","24","  75.0","24","9999.9"," 0","013.7","24","  9.3","23","  3.3","24","  9.9"," 15.9","  89.6","*","  73.4","*"," 0.00","I","999.9","000000"
"72037492825","2008-05-25","27.91556","-82.44917","2.4","TAMPA PETER O KNIGHT AIRPORT, FL US","  82.0","24","  72.4","24","9999.9"," 0","014.1","24","  9.9","23","  6.8","24"," 15.0"," 20.0","  91.4","*","  73.4","*"," 0.00","I","999.9","000000"
"72037492825","2008-05-26","27.91556","-82.44917","2.4","TAMPA PETER O KNIGHT AIRPORT, FL US","  77.7","24","  64.1","24","9999.9"," 0","016.3","24"," 10.0","24","  8.2","24"," 15.0"," 20.0","  87.8","*","  69.8","*"," 0.00","I","999.9","000000"
"72037492825","2008-05-27","27.91556","-82.44917","2.4","TAMPA PETER O KNIGHT AIRPORT, FL US","  72.0","15","  62.5","15","9999.9"," 0","016.5","15"," 10.0","15","  7.3","15"," 11.1"," 15.0","  78.8","*","  66.2","*"," 0.00","I","999.9","000000"
"72037492825","2008-06-05","27.91556","-82.44917","2.4","TAMPA PETER O KNIGHT AIRPORT, FL US","  92.7"," 7","  70.3"," 7","9999.9"," 0","016.7"," 7","  8.3"," 5","  2.3"," 7"," 11.1"," 14.0","  96.8","*","  87.8","*","99.99"," ","999.9","010000"
"72037492825","2008-06-06","27.91556","-82.44917","2.4","TAMPA PETER O KNIGHT AIRPORT, FL US","  85.3","24","  73.5","24","9999.9"," 0","018.8","22"," 10.0","24","  6.3","24"," 17.1"," 24.1","  98.6","*","  75.2","*"," 0.00","I","999.9","000000"
"72037492825","2008-06-07","27.91556","-82.44917","2.4","TAMPA PETER O KNIGHT AIRPORT, FL US","  90.4"," 9","  68.2"," 9","9999.9"," 0","018.5"," 9"," 10.0"," 9","  7.3"," 9"," 13.0"," 17.1","  96.8","*","  82.4","*"," 0.00","I","999.9","000000"
"72037492825","2008-06-08","27.91556","-82.44917","2.4","TAMPA PETER O KNIGHT AIRPORT, FL US","  82.0","24","  70.5","24","9999.9"," 0","018.6","23"," 10.0","24","  5.5","24"," 13.0"," 22.0","  95.0","*","  73.4","*","99.99"," ","999.9","010000"
"72037492825","2008-06-09","27.91556","-82.44917","2.4","TAMPA PETER O KNIGHT AIRPORT, FL US","  79.7","24","  73.1","24","9999.9"," 0","017.1","24","  9.6","24","  3.4","24"," 15.9"," 20.0","  91.4","*","  73.4","*","99.99"," ","999.9","010000"
"72037492825","2008-06-10","27.91556","-82.44917","2.4","TAMPA PETER O KNIGHT AIRPORT, FL US","  79.6","24","  71.5","24","9999.9"," 0","017.0","23","  9.6","24","  3.3","24"," 13.0"," 20.0","  91.4","*","  73.4","*","99.99"," ","999.9","010000"
"72037492825","2008-06-11","27.91556","-82.44917","2.4","TAMPA PETER O KNIGHT AIRPORT, FL US","  79.9","24","  71.2","24","9999.9"," 0","016.6","24"," 10.0","24","  3.2","24","  6.0","999.9","  93.2","*","  71.6","*"," 0.00","I","999.9","000000"
"72037492825","2008-06-12","27.91556","-82.44917","2.4","TAMPA PETER O KNIGHT AIRPORT, FL US","  79.8","24","  72.8","24","9999.9"," 0","017.6","23"," 10.0","24","  6.1","24"," 19.0"," 26.0","  91.4","*","  73.4","*","99.99"," ","999.9","010000"
"72037492825","2008-06-13","27.91556","-82.44917","2.4","TAMPA PETER O KNIGHT AIRPORT, FL US","  77.9","23","  73.0","23","9999.9"," 0","019.0","22","  8.0","23","  5.0","23"," 13.0"," 19.0","  87.8","*","  73.4","*","99.99"," ","999.9","010000"
"72037492825","2008-06-14","27.91556","-82.44917","2.4","TAMPA PETER O KNIGHT AIRPORT, FL US","  80.8","24","  72.9","24","9999.9"," 0","017.1","22","  9.5","24","  3.6","24","  6.0","999.9","  91.4","*","  73.4","*"," 0.00","I","999.9","000000"
"72037492825","2008-06-15","27.91556","-82.44917","2.4","TAMPA PETER O KNIGHT AIRPORT, FL US","  81.1"," 7","  72.1"," 7","9999.9"," 0","015.1"," 7"," 10.0"," 7","  3.0"," 7","  7.0","999.9","  84.2","*","  75.2","*","99.99"," ","999.9","010000"
"72037492825","2008-06-16","27.91556","-82.44917","2.4","TAMPA PETER O KNIGHT AIRPORT, FL US","  79.9","11","  74.2","11","9999.9"," 0","014.3","11","  9.0","11","  2.5","11","  9.9"," 15.0","  84.2","*","  73.4","*","99.99"," ","999.9","010000"
"72037492825","2008-06-17","27.91556","-82.44917","2.4","TAMPA PETER O KNIGHT AIRPORT, FL US","  82.1","24","  75.8","24","9999.9"," 0","014.2","23","  9.7","24","  4.0","24","  8.9","999.9","  89.6","*","  75.2","*"," 0.00","I","999.9","000000"
"72037492825","2008-06-18","27.91556","-82.44917","2.4","TAMPA PETER O KNIGHT AIRPORT, FL US","  84.2","24","  75.2","24","9999.9"," 0","011.7","24"," 10.0","24","  4.7","24"," 11.1"," 15.9","  89.6","*","  80.6","*"," 0.00","I","999.9","000000"
"72037492825","2008-06-19","27.91556","-82.44917","2.4","TAMPA PETER O KNIGHT AIRPORT, FL US","  80.8","24","  74.1","24","9999.9"," 0","012.3","23","  9.2","24","  5.6","24"," 14.0"," 17.1","  89.6","*","  69.8","*","99.99"," ","999.9","010000"
"72037492825","2008-06-20","27.91556","-82.44917","2.4","TAMPA PETER O KNIGHT AIRPORT, FL US","  83.1","24","  75.9","24","9999.9"," 0","015.6","20","  9.7","24","  2.5","24","  8.9","999.9","  89.6","*","  75.2","*"," 0.00","I","999.9","000000"
"72037492825","2008-06-21","27.91556","-82.44917","2.4","TAMPA PETER O KNIGHT AIRPORT, FL US","  80.9","16","  76.7","16","9999.9"," 0","017.8","15"," 10.0","16","  3.8","16"," 15.9"," 22.9","  84.2","*","  75.2","*","99.99"," ","999.9","010000"
"72037492825","2008-06-24","27.91556","-82.44917","2.4","TAMPA PETER O KNIGHT AIRPORT, FL US","  86.4"," 4","  72.1"," 4","9999.9"," 0","021.5"," 4"," 10.0"," 4","  6.8"," 4"," 13.0"," 18.1","  91.4","*","  78.8","*","99.99"," ","999.9","010000"
"72037492825","2008-06-25","27.91556","-82.44917","2.4","TAMPA PETER O KNIGHT AIRPORT, FL US","  79.8","24","  74.1","24","9999.9"," 0","022.8","23","  9.4","24","  4.1","24"," 13.0"," 21.0","  91.4","*","  73.4","*","99.99"," ","999.9","010000"
"72037492825","2008-06-26","27.91556","-82.44917","2.4","TAMPA PETER O KNIGHT AIRPORT, FL US","  75.9","24","  73.2","24","9999.9"," 0","021.2","24","  9.9","24","  6.3","24"," 25.1"," 34.0","  87.8","*","  71.6","*","99.99"," ","999.9","010000"
"72037492825","2008-06-27","27.91556","-82.44917","2.4","TAMPA PETER O KNIGHT AIRPORT, FL US","  79.2","24","  75.0","24","9999.9"," 0","019.4","22","  9.3","24","  2.8","24","  6.0","999.9","  89.6","*","  73.4","*"," 0.00","I","999.9","000000"
"72037492825","2008-06-28","27.91556","-82.44917","2.4","TAMPA PETER O KNIGHT AIRPORT, FL US","  82.6","24","  74.4","24","9999.9"," 0","020.1","24","  9.8","24","  3.0","24","  8.9","999.9","  91.4","*","  73.4","*"," 0.00","I","999.9","000000"
"72037492825","2008-06-29","27.91556","-82.44917","2.4","TAMPA PETER O KNIGHT AIRPORT, FL US","  82.1","24","  74.3","24","9999.9"," 0","020.4","22"," 10.0","24","  4.5","24"," 11.1"," 15.9","  91.4","*","  75.2","*"," 0.00","I","999.9","000000"
"72037492825","2008-06-30","27.91556","-82.44917","2.4","TAMPA PETER O KNIGHT AIRPORT, FL US","  83.4","24","  74.5","24","9999.9"," 0","019.1","23"," 10.0","24","  4.3","24"," 14.0"," 21.0","  91.4","*","  77.0","*"," 0.00","I","999.9","000000"
"72037492825","2008-07-01","27.91556","-82.44917","2.4","TAMPA PETER O KNIGHT AIRPORT, FL US","  79.4","24","  72.6","24","9999.9"," 0","017.5","24"," 10.0","24","  4.9","24"," 13.0"," 19.0","  87.8","*","  71.6","*","99.99"," ","999.9","010000"
"72037492825","2008-07-02","27.91556","-82.44917","2.4","TAMPA PETER O KNIGHT AIRPORT, FL US","  78.1","24","  73.5","24","9999.9"," 0","017.8","24","  9.5","24","  4.8","24"," 18.1"," 22.9","  89.6","*","  71.6","*","99.99"," ","999.9","010000"
"72037492825","2008-07-03","27.91556","-82.44917","2.4","TAMPA PETER O KNIGHT AIRPORT, FL US","  77.2","24","  73.6","24","9999.9"," 0","019.1","22","  9.9","24","  4.4","24"," 13.0"," 15.9","  84.2","*","  73.4","*","99.99"," ","999.9","010000"
"72037492825","2008-07-04","27.91556","-82.44917","2.4","TAMPA PETER O KNIGHT AIRPORT, FL US","  79.6","24","  72.8","24","9999.9"," 0","019.3","24"," 10.0","24","  3.1","24","  7.0","999.9","  89.6","*","  71.6","*"," 0.00","I","999.9","000000"
"72037492825","2008-07-05","27.91556","-82.44917","2.4","TAMPA PETER O KNIGHT AIRPORT, FL US","  82.3","24","  73.4","24","9999.9"," 0","018.1","24","  9.5","24","  3.1","24","  6.0","999.9","  91.4","*","  75.2","*"," 0.00","I","999.9","000000"
"72037492825","2008-07-06","27.91556","-82.44917","2.4","TAMPA PETER O KNIGHT AIRPORT, FL US","  82.5","24","  74.5","24","9999.9"," 0","017.6","22","  9.7","24","  6.2","24"," 26.0"," 35.0","  89.6","*","  71.6","*","99.99"," ","999.9","010000"
"72037492825","2008-07-07","27.91556","-82.44917","2.4","TAMPA PETER O KNIGHT AIRPORT, FL US","  78.7","24","  74.1","24","9999.9"," 0","018.8","24","  9.9","24","  4.8","24"," 18.1"," 26.0","  89.6","*","  73.4","*","99.99"," ","999.9","010000"
"72037492825","2008-07-08","27.91556","-82.44917","2.4","TAMPA PETER O KNIGHT AIRPORT, FL US","  77.5","24","  74.7","24","9999.9"," 0","019.3","24","  9.3","24","  4.9","24"," 12.0"," 26.0","  87.8","*","  73.4","*","99.99"," ","999.9","010000"
"72037492825","2008-07-09","27.91556","-82.44917","2.4","TAMPA PETER O KNIGHT AIRPORT, FL US","  79.7","24","  74.2","24","9999.9"," 0","019.6","20","  8.2","24","  3.0","24"," 15.0"," 28.9","  91.4","*","  71.6","*","99.99"," ","999.9","010000"
"72037492825","2008-07-10","27.91556","-82.44917","2.4","TAMPA PETER O KNIGHT AIRPORT, FL US","  81.1","24","  74.7","24","9999.9"," 0","019.8","20","  9.4","24","  2.6","24","  7.0","999.9","  91.4","*","  75.2","*","99.99"," ","999.9","010000"
"72037492825","2008-07-11","27.91556","-82.44917","2.4","TAMPA PETER O KNIGHT AIRPORT, FL US","  83.3","24","  76.6","24","9999.9"," 0","020.1","24","  9.6","24","  3.2","24","  8.0"," 18.1","  91.4","*","  78.8","*","99.99"," ","999.9","010000"
"72037492825","2008-07-12","27.91556","-82.44917","2.4","TAMPA PETER O KNIGHT AIRPORT, FL US","  81.3","24","  76.0","24","9999.9"," 0","019.4","24"," 10.0","24","  2.5","24","  7.0","999.9","  87.8","*","  78.8","*","99.99"," ","999.9","010000"
"72037492825","2008-07-13","27.91556","-82.44917","2.4","TAMPA PETER O KNIGHT AIRPORT, FL US","  78.9","24","  76.3","24","9999.9"," 0","014.7","24","  9.5","24","  5.3","24"," 13.0"," 19.0","  86.0","*","  73.4","*","99.99"," ","999.9","010000"
"72037492825","2008-07-14","27.91556","-82.44917","2.4","TAMPA PETER O KNIGHT AIRPORT, FL US","  83.5","24","  77.2","24","9999.9"," 0","011.5","24"," 10.0","24","  3.2","24","  8.9","999.9","  89.6","*","  78.8","*","99.99"," ","999.9","010000"
"72037492825","2008-07-15","27.91556","-82.44917","2.4","TAMPA PETER O KNIGHT AIRPORT, FL US","  81.8","24","  76.7","24","9999.9"," 0","013.5","24"," 10.0","24","  3.2","24"," 13.0"," 15.0","  87.8","*","  75.2","*","99.99"," ","999.9","010000"
"72037492825","2008-07-16","27.91556","-82.44917","2.4","TAMPA PETER O KNIGHT AIRPORT, FL US","  77.8","24","  75.7","24","9999.9"," 0","015.5","24","  8.6","24","  4.3","24"," 13.0","999.9","  82.4","*","  75.2","*","99.99"," ","999.9","010000"
"72037492825","2008-07-17","27.91556","-82.44917","2.4","TAMPA PETER O KNIGHT AIRPORT, FL US","  78.1","24","  76.5","24","9999.9"," 0","015.7","24","  8.3","24","  2.9","24"," 12.0"," 18.1","  84.2","*","  75.2","*","99.99"," ","999.9","010000"
"72037492825","2008-07-18","27.91556","-82.44917","2.4","TAMPA PETER O KNIGHT AIRPORT, FL US","  80.3","24","  77.7","24","9999.9"," 0","015.5","24","  9.4","24","  1.7","24"," 12.0","999.9","  87.8","*","  75.2","*","99.99"," ","999.9","010000"
"72037492825","2008-07-19","27.91556","-82.44917","2.4","TAMPA PETER O KNIGHT AIRPORT, FL US","  82.4","24","  77.5","24","9999.9"," 0","017.0","24","  9.4","24","  3.2","24","  9.9","999.9","  91.4","*","  75.2","*"," 0.00","I","999.9","000000"
"72037492825","2008-07-20","27.91556","-82.44917","2.4","TAMPA PETER O KNIGHT AIRPORT, FL US","  84.1","24","  75.7","24","9999.9"," 0","017.9","24","  9.8","24","  1.9","24","  6.0","999.9","  91.4","*","  75.2","*"," 0.00","I","999.9","000000"
"72037492825","2008-07-21","27.91556","-82.44917","2.4","TAMPA PETER O KNIGHT AIRPORT, FL US","  85.4","24","  75.4","24","9999.9"," 0","017.0","24"," 10.0","24","  2.3","24","  6.0","999.9","  93.2","*","  78.8","*","99.99"," ","999.9","010000"
"72037492825","2008-07-22","27.91556","-82.44917","2.4","TAMPA PETER O KNIGHT AIRPORT, FL US","  81.7","24","  75.3","24","9999.9"," 0","017.2","24","  9.8","24","  3.0","24"," 12.0"," 18.1","  89.6","*","  75.2","*","99.99"," ","999.9","010000"
"72037492825","2008-07-23","27.91556","-82.44917","2.4","TAMPA PETER O KNIGHT AIRPORT, FL US","  81.1","24","  74.3","24","9999.9"," 0","017.3","24"," 10.0","24","  3.6","24","  9.9","999.9","  89.6","*","  75.2","*","99.99"," ","999.9","010000"
"72037492825","2008-07-24","27.91556","-82.44917","2.4","TAMPA PETER O KNIGHT AIRPORT, FL US","  76.8","24","  73.3","24","9999.9"," 0","017.9","24"," 10.0","24","  3.5","24"," 11.1"," 18.1","  84.2","*","  73.4","*","99.99"," ","999.9","010000"
"72037492825","2008-07-25","27.91556","-82.44917","2.4","TAMPA PETER O KNIGHT AIRPORT, FL US","  81.8","24","  75.1","24","9999.9"," 0","018.8","24","  9.6","24","  2.8","24"," 15.9"," 24.1","  91.4","*","  75.2","*","99.99"," ","999.9","010000"
"72037492825","2008-07-26","27.91556","-82.44917","2.4","TAMPA PETER O KNIGHT AIRPORT, FL US","  80.5","24","  76.2","24","9999.9"," 0","017.8","24","  8.1","24","  1.5","24"," 12.0"," 17.1","  91.4","*","  75.2","*","99.99"," ","999.9","010000"
"72037492825","2008-07-27","27.91556","-82.44917","2.4","TAMPA PETER O KNIGHT AIRPORT, FL US","  82.1","24","  78.0","24","9999.9"," 0","014.9","24","  9.5","24","  4.5","24"," 11.1","999.9","  89.6","*","  78.8","*"," 0.00","I","999.9","000000"
"72037492825","2008-07-28","27.91556","-82.44917","2.4","TAMPA PETER O KNIGHT AIRPORT, FL US","  81.9","24","  78.2","24","9999.9"," 0","014.3","24","  9.7","24","  5.6","24","  8.9"," 15.0","  87.8","*","  77.0","*","99.99"," ","999.9","010000"
"72037492825","2008-07-29","27.91556","-82.44917","2.4","TAMPA PETER O KNIGHT AIRPORT, FL US","  81.9","24","  78.0","24","9999.9"," 0","015.9","24","  9.8","24","  5.6","24"," 17.1","999.9","  86.0","*","  77.0","*","99.99"," ","999.9","010000"
"72037492825","2008-07-30","27.91556","-82.44917","2.4","TAMPA PETER O KNIGHT AIRPORT, FL US","  80.8","24","  77.4","24","9999.9"," 0","016.5","24"," 10.0","24","  5.4","24"," 13.0"," 15.9","  87.8","*","  77.0","*","99.99"," ","999.9","010000"
"72037492825","2008-07-31","27.91556","-82.44917","2.4","TAMPA PETER O KNIGHT AIRPORT, FL US","  79.8","24","  77.4","24","9999.9"," 0","015.5","24","  9.8","24","  4.6","24","  9.9"," 25.1","  86.0","*","  75.2","*","99.99"," ","999.9","010000"
"72037492825","2008-08-01","27.91556","-82.44917","2.4","TAMPA PETER O KNIGHT AIRPORT, FL US","  79.0","24","  77.4","24","9999.9"," 0","015.3","23","  9.8","24","  3.4","24","  8.9"," 14.0","  86.0","*","  75.2","*","99.99"," ","999.9","010000"
"72037492825","2008-08-02","27.91556","-82.44917","2.4","TAMPA PETER O KNIGHT AIRPORT, FL US","  81.5","24","  77.4","24","9999.9"," 0","015.1","24","  9.9","24","  3.8","24","  9.9"," 42.9","  87.8","*","  77.0","*","99.99"," ","999.9","010000"
"72037492825","2008-08-03","27.91556","-82.44917","2.4","TAMPA PETER O KNIGHT AIRPORT, FL US","  82.3","24","  74.8","24","9999.9"," 0","014.8","23"," 10.0","24","  2.8","24"," 18.1"," 25.1","  91.4","*","  73.4","*","99.99"," ","999.9","010000"
"72037492825","2008-08-04","27.91556","-82.44917","2.4","TAMPA PETER O KNIGHT AIRPORT, FL US","  80.2","24","  75.1","24","9999.9"," 0","016.3","24","  9.7","24","  3.5","24"," 15.9"," 22.0","  89.6","*","  73.4","*","99.99"," ","999.9","010000"
"72037492825","2008-08-05","27.91556","-82.44917","2.4","TAMPA PETER O KNIGHT AIRPORT, FL US","  80.9","24","  75.7","24","9999.9"," 0","017.8","24"," 10.0","24","  3.9","24"," 13.0","999.9","  91.4","*","  75.2","*"," 0.00","I","999.9","000000"
"72037492825","2008-08-06","27.91556","-82.44917","2.4","TAMPA PETER O KNIGHT AIRPORT, FL US","  81.9","24","  75.1","24","9999.9"," 0","017.8","23","  9.0","24","  2.8","24","  8.9","999.9","  91.4","*","  75.2","*","99.99"," ","999.9","010000"
"72037492825","2008-08-07","27.91556","-82.44917","2.4","TAMPA PETER O KNIGHT AIRPORT, FL US","  85.3","24","  77.4","24","9999.9"," 0","015.3","24","  9.8","24","  2.3","24","  7.0","999.9","  91.4","*","  78.8","*"," 0.00","I","999.9","000000"
"72037492825","2008-08-08","27.91556","-82.44917","2.4","TAMPA PETER O KNIGHT AIRPORT, FL US","  84.1","24","  78.1","24","9999.9"," 0","012.5","24"," 10.0","24","  4.7","24"," 11.1"," 22.0","  89.6","*","  80.6","*","99.99"," ","999.9","010000"
"72037492825","2008-08-09","27.91556","-82.44917","2.4","TAMPA PETER O KNIGHT AIRPORT, FL US","  83.5","24","  77.2","24","9999.9"," 0","011.9","24"," 10.0","24","  4.5","24"," 15.9"," 18.1","  89.6","*","  77.0","*","99.99"," ","999.9","010000"
"72037492825","2008-08-10","27.91556","-82.44917","2.4","TAMPA PETER O KNIGHT AIRPORT, FL US","  84.0","24","  74.4","24","9999.9"," 0","012.8","24","  9.4","24","  2.4","24","  8.0","999.9","  89.6","*","  78.8","*"," 0.00","I","999.9","000000"
"72037492825","2008-08-11","27.91556","-82.44917","2.4","TAMPA PETER O KNIGHT AIRPORT, FL US","  83.5","24","  72.7","24","9999.9"," 0","013.4","23","  9.9","24","  3.1","24","  9.9"," 14.0","  89.6","*","  77.0","*"," 0.00","I","999.9","000000"
"72037492825","2008-08-12","27.91556","-82.44917","2.4","TAMPA PETER O KNIGHT AIRPORT, FL US","  82.0","24","  75.7","24","9999.9"," 0","012.8","24","  9.9","24","  3.7","24","  8.9"," 19.0","  89.6","*","  75.2","*","99.99"," ","999.9","010000"
"72037492825","2008-08-13","27.91556","-82.44917","2.4","TAMPA PETER O KNIGHT AIRPORT, FL US","  82.7","24","  76.4","24","9999.9"," 0","012.3","24","  8.8","24","  7.6","24"," 15.0"," 24.1","  89.6","*","  78.8","*","99.99"," ","999.9","010000"
"72037492825","2008-08-14","27.91556","-82.44917","2.4","TAMPA PETER O KNIGHT AIRPORT, FL US","  79.7","24","  77.1","24","9999.9"," 0","013.6","24","  9.0","24","  3.9","24"," 11.1"," 17.1","  84.2","*","  73.4","*","99.99"," ","999.9","010000"
"72037492825","2008-08-15","27.91556","-82.44917","2.4","TAMPA PETER O KNIGHT AIRPORT, FL US","  81.4","24","  77.5","24","9999.9"," 0","016.5","24","  9.9","24","  2.8","24","  9.9"," 14.0","  87.8","*","  77.0","*","99.99"," ","999.9","010000"
"72037492825","2008-08-16","27.91556","-82.44917","2.4","TAMPA PETER O KNIGHT AIRPORT, FL US","  81.6","24","  77.5","24","9999.9"," 0","016.6","24","  9.8","24","  1.5","24"," 13.0"," 20.0","  87.8","*","  73.4","*","99.99"," ","999.9","010000"
"72037492825","2008-08-17","27.91556","-82.44917","2.4","TAMPA PETER O KNIGHT AIRPORT, FL US","  84.7","12","  76.6","12","9999.9"," 0","014.0","12"," 10.0","12","  3.4","12"," 12.0","999.9","  89.6","*","  78.8","*","99.99"," ","999.9","010000"
"72037492825","2008-08-18","27.91556","-82.44917","2.4","TAMPA PETER O KNIGHT AIRPORT, FL US","  79.8","18","  75.4","18","9999.9"," 0","013.1","17","  9.8","18","  3.3","18","  7.0","999.9","  87.8","*","  75.2","*"," 0.00","I","999.9","000000"
"72037492825","2008-08-19","27.91556","-82.44917","2.4","TAMPA PETER O KNIGHT AIRPORT, FL US","  80.3","12","  74.8","12","9999.9"," 0","007.8","12"," 10.0","12"," 14.7","12"," 20.0"," 26.0","  82.4","*","  78.8","*"," 0.00","I","999.9","000000"
"72037492825","2008-08-20","27.91556","-82.44917","2.4","TAMPA PETER O KNIGHT AIRPORT, FL US","  80.9","24","  76.5","24","9999.9"," 0","007.7","24"," 10.0","24","  7.8","24"," 11.1"," 20.0","  84.2","*","  78.8","*","99.99"," ","999.9","010000"
"72037492825","2008-08-21","27.91556","-82.44917","2.4","TAMPA PETER O KNIGHT AIRPORT, FL US","  81.0","24","  78.0","24","9999.9"," 0","008.8","24"," 10.0","24","  6.8","24"," 13.0"," 24.1","  86.0","*","  78.8","*","99.99"," ","999.9","010000"
"72037492825","2008-08-22","27.91556","-82.44917","2.4","TAMPA PETER O KNIGHT AIRPORT, FL US","  81.7","24","  77.8","24","9999.9"," 0","008.1","24","  9.6","24"," 10.5","24"," 14.0"," 22.0","  84.2","*","  80.6","*","99.99"," ","999.9","010000"
"72037492825","2008-08-23","27.91556","-82.44917","2.4","TAMPA PETER O KNIGHT AIRPORT, FL US","  80.3","24","  78.8","24","9999.9"," 0","011.8","23","  9.6","24"," 11.3","24"," 17.1"," 24.1","  87.8","*","  78.8","*","99.99"," ","999.9","010000"
"72037492825","2008-08-24","27.91556","-82.44917","2.4","TAMPA PETER O KNIGHT AIRPORT, FL US","  80.2","24","  77.4","24","9999.9"," 0","013.2","24"," 10.0","24","  7.1","24"," 17.1"," 20.0","  87.8","*","  75.2","*","99.99"," ","999.9","010000"
"72037492825","2008-08-25","27.91556","-82.44917","2.4","TAMPA PETER O KNIGHT AIRPORT, FL US","  82.3","24","  78.0","24","9999.9"," 0","012.8","24","  9.8","24","  3.4","24"," 11.1","999.9","  89.6","*","  75.2","*"," 0.00","I","999.9","000000"
"72037492825","2008-08-26","27.91556","-82.44917","2.4","TAMPA PETER O KNIGHT AIRPORT, FL US","  82.7","23","  77.9","23","9999.9"," 0","012.2","22"," 10.0","23","  4.7","23"," 13.0","999.9","  89.6","*","  75.2","*"," 0.00","I","999.9","000000"
"72037492825","2008-08-27","27.91556","-82.44917","2.4","TAMPA PETER O KNIGHT AIRPORT, FL US","  84.1","24","  78.2","24","9999.9"," 0","012.7","23","  9.9","24","  1.9","24","  7.0","999.9","  91.4","*","  78.8","*"," 0.00","I","999.9","000000"
"72037492825","2008-08-28","27.91556","-82.44917","2.4","TAMPA PETER O KNIGHT AIRPORT, FL US","  83.9","24","  77.3","24","9999.9"," 0","011.6","24"," 10.0","24","  1.6","24","  6.0","999.9","  91.4","*","  77.0","*"," 0.00","I","999.9","000000"
"72037492825","2008-08-29","27.91556","-82.44917","2.4","TAMPA PETER O KNIGHT AIRPORT, FL US","  81.8","24","  76.0","24","9999.9"," 0","011.4","23"," 10.0","24","  4.1","24"," 17.1"," 21.0","  93.2","*","  75.2","*"," 0.00","I","999.9","000000"
"72037492825","2008-08-30","27.91556","-82.44917","2.4","TAMPA PETER O KNIGHT AIRPORT, FL US","  80.5","24","  76.8","24","9999.9"," 0","011.3","24","  9.2","24","  7.8","24"," 20.0"," 40.0","  87.8","*","  75.2","*","99.99"," ","999.9","010000"
"72037492825","2008-08-31","27.91556","-82.44917","2.4","TAMPA PETER O KNIGHT AIRPORT, FL US","  80.5","24","  77.6","24","9999.9"," 0","010.1","24","  9.9","24"," 11.8","24"," 22.0"," 29.9","  87.8","*","  77.0","*","99.99"," ","999.9","010000"
"72037492825","2008-09-01","27.91556","-82.44917","2.4","TAMPA PETER O KNIGHT AIRPORT, FL US","  84.1","24","  78.0","24","9999.9"," 0","011.8","24","  9.3","24","  9.0","24"," 14.0"," 18.1","  93.2","*","  78.8","*"," 0.00","I","999.9","000000"
"72037492825","2008-09-02","27.91556","-82.44917","2.4","TAMPA PETER O KNIGHT AIRPORT, FL US","  83.4","24","  77.4","24","9999.9"," 0","012.4","24","  8.9","24","  8.3","24"," 13.0"," 21.0","  91.4","*","  77.0","*"," 0.00","I","999.9","000000"
"72037492825","2008-09-03","27.91556","-82.44917","2.4","TAMPA PETER O KNIGHT AIRPORT, FL US","  82.7","24","  76.1","24","9999.9"," 0","011.6","24","  9.6","24","  8.1","24"," 14.0"," 15.0","  93.2","*","  75.2","*"," 0.00","I","999.9","000000"
"72037492825","2008-09-04","27.91556","-82.44917","2.4","TAMPA PETER O KNIGHT AIRPORT, FL US","  81.8","24","  73.8","24","9999.9"," 0","010.6","24","  9.9","24","  7.8","24"," 14.0"," 19.0","  91.4","*","  75.2","*"," 0.00","I","999.9","000000"
"72037492825","2008-09-05","27.91556","-82.44917","2.4","TAMPA PETER O KNIGHT AIRPORT, FL US","  80.6","24","  73.0","24","9999.9"," 0","007.2","23"," 10.0","24","  7.1","24"," 12.0"," 17.1","  84.2","*","  75.2","*","99.99"," ","999.9","010000"
"72037492825","2008-09-06","27.91556","-82.44917","2.4","TAMPA PETER O KNIGHT AIRPORT, FL US","  82.7","24","  74.0","24","9999.9"," 0","012.5","24","  9.9","24","  3.2","24","  9.9"," 15.0","  89.6","*","  75.2","*"," 0.00","I","999.9","000000"
"72037492825","2008-09-07","27.91556","-82.44917","2.4","TAMPA PETER O KNIGHT AIRPORT, FL US","  83.5","24","  74.4","24","9999.9"," 0","015.7","24","  9.7","24","  3.8","24","  8.9","999.9","  93.2","*","  75.2","*"," 0.00","I","999.9","000000"
"72037492825","2008-09-08","27.91556","-82.44917","2.4","TAMPA PETER O KNIGHT AIRPORT, FL US","  83.3","24","  74.5","24","9999.9"," 0","015.1","24"," 10.0","24","  9.1","24"," 17.1"," 22.9","  93.2","*","  75.2","*"," 0.00","I","999.9","000000"
"72037492825","2008-09-09","27.91556","-82.44917","2.4","TAMPA PETER O KNIGHT AIRPORT, FL US","  83.1","24","  76.2","24","9999.9"," 0","013.1","24","  9.1","24"," 10.6","24"," 18.1"," 26.0","  91.4","*","  77.0","*","99.99"," ","999.9","010000"
"72037492825","2008-09-10","27.91556","-82.44917","2.4","TAMPA PETER O KNIGHT AIRPORT, FL US","  82.9","24","  79.0","24","9999.9"," 0","012.2","24","  9.8","24"," 11.9","24"," 18.1"," 27.0","  89.6","*","  80.6","*"," 0.00","I","999.9","000000"
"72037492825","2008-09-11","27.91556","-82.44917","2.4","TAMPA PETER O KNIGHT AIRPORT, FL US","  84.2","24","  78.7","24","9999.9"," 0","014.4","24"," 10.0","24"," 11.3","24"," 17.1"," 24.1","  93.2","*","  80.6","*","99.99"," ","999.9","010000"
"72037492825","2008-09-12","27.91556","-82.44917","2.4","TAMPA PETER O KNIGHT AIRPORT, FL US","  84.3","24","  77.2","24","9999.9"," 0","016.4","24"," 10.0","24","  7.5","24"," 11.1"," 17.1","  93.2","*","  77.0","*"," 0.00","I","999.9","000000"
"72037492825","2008-09-13","27.91556","-82.44917","2.4","TAMPA PETER O KNIGHT AIRPORT, FL US","  83.0","24","  75.4","24","9999.9"," 0","015.6","24"," 10.0","24","  4.4","24","  8.9","999.9","  93.2","*","  75.2","*"," 0.00","I","999.9","000000"
"72037492825","2008-09-14","27.91556","-82.44917","2.4","TAMPA PETER O KNIGHT AIRPORT, FL US","  82.2","24","  77.1","24","9999.9"," 0","015.1","24","  9.9","24","  3.5","24","  8.0","999.9","  91.4","*","  75.2","*","99.99"," ","999.9","010000"
"72037492825","2008-09-15","27.91556","-82.44917","2.4","TAMPA PETER O KNIGHT AIRPORT, FL US","  82.8","24","  77.2","24","9999.9"," 0","015.1","24"," 10.0","24","  2.4","24","  7.0","999.9","  91.4","*","  77.0","*"," 0.00","I","999.9","000000"
"72037492825","2008-09-16","27.91556","-82.44917","2.4","TAMPA PETER O KNIGHT AIRPORT, FL US","  82.8","24","  75.1","24","9999.9"," 0","015.8","24","  9.8","24","  1.9","24","  7.0","999.9","  89.6","*","  75.2","*"," 0.00","I","999.9","000000"
"72037492825","2008-09-17","27.91556","-82.44917","2.4","TAMPA PETER O KNIGHT AIRPORT, FL US","  82.1","24","  74.5","24","9999.9"," 0","015.5","24"," 10.0","24","  2.5","24","  8.0"," 14.0","  89.6","*","  75.2","*"," 0.00","I","999.9","000000"
"72037492825","2008-09-18","27.91556","-82.44917","2.4","TAMPA PETER O KNIGHT AIRPORT, FL US","  80.7","23","  72.6","23","9999.9"," 0","015.4","23","  9.6","23","  6.5","23"," 14.0"," 19.0","  93.2","*","  73.4","*"," 0.00","I","999.9","000000"
"72037492825","2008-09-19","27.91556","-82.44917","2.4","TAMPA PETER O KNIGHT AIRPORT, FL US","  80.6","24","  71.4","24","9999.9"," 0","016.3","24"," 10.0","24"," 10.2","24"," 14.0"," 18.1","  89.6","*","  73.4","*"," 0.00","I","999.9","000000"
"72037492825","2008-09-20","27.91556","-82.44917","2.4","TAMPA PETER O KNIGHT AIRPORT, FL US","  79.4","24","  71.8","24","9999.9"," 0","015.6","24","  9.6","24","  6.5","24","  9.9"," 15.9","  91.4","*","  71.6","*","99.99"," ","999.9","010000"
"72037492825","2008-09-21","27.91556","-82.44917","2.4","TAMPA PETER O KNIGHT AIRPORT, FL US","  79.9","23","  73.9","23","9999.9"," 0","016.3","23","  8.7","23","  6.2","23"," 12.0"," 15.9","  91.4","*","  73.4","*"," 0.00","I","999.9","000000"
"72037492825","2008-09-22","27.91556","-82.44917","2.4","TAMPA PETER O KNIGHT AIRPORT, FL US","  80.0","24","  75.9","24","9999.9"," 0","017.6","24","  9.9","24","  6.4","24"," 12.0"," 15.9","  89.6","*","  75.2","*","99.99"," ","999.9","010000"
"72037492825","2008-09-23","27.91556","-82.44917","2.4","TAMPA PETER O KNIGHT AIRPORT, FL US","  78.5","24","  73.8","24","9999.9"," 0","017.0","24","  9.8","24","  9.7","24"," 20.0"," 27.0","  89.6","*","  73.4","*","99.99"," ","999.9","010000"
"72037492825","2008-09-24","27.91556","-82.44917","2.4","TAMPA PETER O KNIGHT AIRPORT, FL US","  78.4","24","  70.5","24","9999.9"," 0","015.0","24","  9.5","24"," 11.3","24"," 20.0"," 26.0","  87.8","*","  71.6","*"," 0.00","I","999.9","000000"
"72037492825","2008-09-25","27.91556","-82.44917","2.4","TAMPA PETER O KNIGHT AIRPORT, FL US","  73.5","24","  63.7","24","9999.9"," 0","013.4","24"," 10.0","24","  8.5","24"," 15.9"," 20.0","  82.4","*","  64.4","*"," 0.00","I","999.9","000000"
"72037492825","2008-09-26","27.91556","-82.44917","2.4","TAMPA PETER O KNIGHT AIRPORT, FL US","  75.5","24","  67.2","24","9999.9"," 0","012.4","24"," 10.0","24","  3.7","24","  7.0","999.9","  86.0","*","  66.2","*"," 0.00","I","999.9","000000"
"72037492825","2008-09-27","27.91556","-82.44917","2.4","TAMPA PETER O KNIGHT AIRPORT, FL US","  76.1","24","  61.8","24","9999.9"," 0","013.6","24"," 10.0","24","  3.2","24","  5.1","999.9","  87.8","*","  64.4","*"," 0.00","I","999.9","000000"
"72037492825","2008-09-28","27.91556","-82.44917","2.4","TAMPA PETER O KNIGHT AIRPORT, FL US","  76.8","24","  68.5","24","9999.9"," 0","014.9","24"," 10.0","24","  4.4","24"," 11.1","999.9","  84.2","*","  69.8","*"," 0.00","I","999.9","000000"
"72037492825","2008-09-29","27.91556","-82.44917","2.4","TAMPA PETER O KNIGHT AIRPORT, FL US","  78.5","24","  74.1","24","9999.9"," 0","014.4","24"," 10.0","24","  2.1","24","  8.0","999.9","  84.2","*","  73.4","*","99.99"," ","999.9","010000"
"72037492825","2008-09-30","27.91556","-82.44917","2.4","TAMPA PETER O KNIGHT AIRPORT, FL US","  76.3","24","  72.7","24","9999.9"," 0","013.2","24","  9.1","24","  4.2","24"," 14.0","999.9","  84.2","*","  69.8","*","99.99"," ","999.9","010000"
"72037492825","2008-10-01","27.91556","-82.44917","2.4","TAMPA PETER O KNIGHT AIRPORT, FL US","  70.3","17","  67.5","17","9999.9"," 0","011.4","17","  9.5","17","  2.4","17","  8.9","999.9","  80.6","*","9999.9"," "," 0.00","I","999.9","000000"
"72037492825","2008-10-02","27.91556","-82.44917","2.4","TAMPA PETER O KNIGHT AIRPORT, FL US","  76.9","24","  66.3","24","9999.9"," 0","011.0","24","  9.8","24","  3.1","24"," 13.0"," 17.1","  84.2","*","  69.8","*"," 0.00","I","999.9","000000"
"72037492825","2008-10-03","27.91556","-82.44917","2.4","TAMPA PETER O KNIGHT AIRPORT, FL US","  74.8","24","  61.9","24","9999.9"," 0","014.8","21"," 10.0","24","  7.2","24"," 11.1"," 15.9","  87.8","*","  66.2","*"," 0.00","I","999.9","000000"
"72037492825","2008-10-04","27.91556","-82.44917","2.4","TAMPA PETER O KNIGHT AIRPORT, FL US","  78.0","24","  67.3","24","9999.9"," 0","017.8","21"," 10.0","24","  9.7","24"," 15.0"," 19.0","  89.6","*","  69.8","*"," 0.00","I","999.9","000000"
"72037492825","2008-10-05","27.91556","-82.44917","2.4","TAMPA PETER O KNIGHT AIRPORT, FL US","  77.6","24","  70.3","24","9999.9"," 0","018.3","20","  9.5","24","  9.9","24"," 15.0"," 19.0","  87.8","*","  71.6","*","99.99"," ","999.9","010000"
"72037492825","2008-10-06","27.91556","-82.44917","2.4","TAMPA PETER O KNIGHT AIRPORT, FL US","  76.6","24","  75.2","24","9999.9"," 0","017.2","16","  9.2","24","  6.2","24","  9.9","999.9","  89.6","*","  73.4","*","99.99"," ","999.9","010000"
"72037492825","2008-10-07","27.91556","-82.44917","2.4","TAMPA PETER O KNIGHT AIRPORT, FL US","  77.0","24","  74.5","24","9999.9"," 0","017.5","20","  9.4","24","  7.9","24"," 15.0"," 25.1","  87.8","*","  73.4","*","99.99"," ","999.9","010000"
"72037492825","2008-10-08","27.91556","-82.44917","2.4","TAMPA PETER O KNIGHT AIRPORT, FL US","  78.1","24","  74.2","24","9999.9"," 0","015.5","20","  9.6","24","  5.1","24","  9.9"," 15.0","  87.8","*","  73.4","*"," 0.00","I","999.9","000000"
"72037492825","2008-10-09","27.91556","-82.44917","2.4","TAMPA PETER O KNIGHT AIRPORT, FL US","  79.7","24","  76.5","24","9999.9"," 0","012.6","21"," 10.0","24","  3.3","24"," 12.0"," 15.9","  87.8","*","  75.2","*"," 0.00","I","999.9","000000"
"72037492825","2008-10-10","27.91556","-82.44917","2.4","TAMPA PETER O KNIGHT AIRPORT, FL US","  79.6","24","  75.8","24","9999.9"," 0","013.3","20","  9.1","24","  3.0","24","  7.0","999.9","  87.8","*","  73.4","*","99.99"," ","999.9","010000"
"72037492825","2008-10-11","27.91556","-82.44917","2.4","TAMPA PETER O KNIGHT AIRPORT, FL US","  78.7","24","  73.4","24","9999.9"," 0","014.4","20","  9.8","24","  2.3","24","  7.0","999.9","  87.8","*","  71.6","*"," 0.00","I","999.9","000000"
"72037492825","2008-10-12","27.91556","-82.44917","2.4","TAMPA PETER O KNIGHT AIRPORT, FL US","  80.1","24","  74.7","24","9999.9"," 0","015.9","20","  9.3","24","  8.1","24"," 13.0"," 17.1","  89.6","*","  73.4","*"," 0.00","I","999.9","000000"
"72037492825","2008-10-13","27.91556","-82.44917","2.4","TAMPA PETER O KNIGHT AIRPORT, FL US","  79.9","24","  73.8","24","9999.9"," 0","018.4","18"," 10.0","24"," 11.3","24"," 19.0"," 29.9","  89.6","*","  75.2","*"," 0.00","I","999.9","000000"
"72037492825","2008-10-14","27.91556","-82.44917","2.4","TAMPA PETER O KNIGHT AIRPORT, FL US","  79.5","24","  71.7","24","9999.9"," 0","018.2","20"," 10.0","24"," 11.2","24"," 18.1"," 22.9","  87.8","*","  73.4","*"," 0.00","I","999.9","000000"
"72037492825","2008-10-15","27.91556","-82.44917","2.4","TAMPA PETER O KNIGHT AIRPORT, FL US","  76.9","24","  67.4","24","9999.9"," 0","018.3","19"," 10.0","24","  9.2","24"," 15.0"," 20.0","  87.8","*","  68.0","*"," 0.00","I","999.9","000000"
"72037492825","2008-10-16","27.91556","-82.44917","2.4","TAMPA PETER O KNIGHT AIRPORT, FL US","  76.2","24","  66.1","24","9999.9"," 0","018.8","20"," 10.0","24","  7.1","24"," 12.0"," 19.0","  86.0","*","  68.0","*"," 0.00","I","999.9","000000"
"72037492825","2008-10-17","27.91556","-82.44917","2.4","TAMPA PETER O KNIGHT AIRPORT, FL US","  75.1","24","  66.6","24","9999.9"," 0","018.2","20"," 10.0","24","  3.7","24","  6.0","999.9","  84.2","*","  66.2","*"," 0.00","I","999.9","000000"
"72037492825","2008-10-18","27.91556","-82.44917","2.4","TAMPA PETER O KNIGHT AIRPORT, FL US","  74.7","24","  68.2","24","9999.9"," 0","015.2","19","  9.8","24","  2.0","24","  8.9"," 14.0","  84.2","*","  68.0","*"," 0.00","I","999.9","000000"
"72037492825","2008-10-19","27.91556","-82.44917","2.4","TAMPA PETER O KNIGHT AIRPORT, FL US","  68.7","23","  59.2","23","9999.9"," 0","017.9","20"," 10.0","23","  9.8","23"," 15.0"," 19.0","  80.6","*","  59.0","*"," 0.00","I","999.9","000000"
"72037492825","2008-10-20","27.91556","-82.44917","2.4","TAMPA PETER O KNIGHT AIRPORT, FL US","  70.8","24","  62.2","24","9999.9"," 0","020.9","21"," 10.0","24"," 10.1","24"," 14.0"," 21.0","  82.4","*","  62.6","*"," 0.00","I","999.9","000000"
"72037492825","2008-10-21","27.91556","-82.44917","2.4","TAMPA PETER O KNIGHT AIRPORT, FL US","  72.4","24","  61.5","24","9999.9"," 0","020.7","21","  9.9","24","  7.3","24"," 11.1"," 14.0","  82.4","*","  62.6","*"," 0.00","I","999.9","000000"
"72037492825","2008-10-22","27.91556","-82.44917","2.4","TAMPA PETER O KNIGHT AIRPORT, FL US","  73.3","24","  63.1","24","9999.9"," 0","019.0","23"," 10.0","24","  8.4","24"," 13.0"," 18.1","  82.4","*","  64.4","*"," 0.00","I","999.9","000000"
"72037492825","2008-10-23","27.91556","-82.44917","2.4","TAMPA PETER O KNIGHT AIRPORT, FL US","  75.8","24","  67.2","24","9999.9"," 0","019.0","24"," 10.0","24"," 10.6","24"," 19.0"," 29.9","  82.4","*","  71.6","*"," 0.00","I","999.9","000000"
"72037492825","2008-10-24","27.91556","-82.44917","2.4","TAMPA PETER O KNIGHT AIRPORT, FL US","  74.8","24","  72.3","24","9999.9"," 0","016.1","24","  9.4","24"," 10.9","24"," 15.0"," 22.0","  80.6","*","  71.6","*","99.99"," ","999.9","010000"
"72037492825","2008-10-25","27.91556","-82.44917","2.4","TAMPA PETER O KNIGHT AIRPORT, FL US","  76.0","24","  72.7","24","9999.9"," 0","013.9","24","  9.4","24","  5.9","24","  9.9","999.9","  82.4","*","  69.8","*","99.99"," ","999.9","010000"
"72037492825","2008-10-26","27.91556","-82.44917","2.4","TAMPA PETER O KNIGHT AIRPORT, FL US","  68.8","24","  57.7","24","9999.9"," 0","016.4","24"," 10.0","24","  5.9","24","  9.9"," 15.0","  78.8","*","  60.8","*"," 0.00","I","999.9","000000"
"72037492825","2008-10-27","27.91556","-82.44917","2.4","TAMPA PETER O KNIGHT AIRPORT, FL US","  68.1","24","  56.3","24","9999.9"," 0","018.7","24"," 10.0","24","  4.4","24","  9.9"," 15.9","  78.8","*","  60.8","*"," 0.00","I","999.9","000000"
"72037492825","2008-10-28","27.91556","-82.44917","2.4","TAMPA PETER O KNIGHT AIRPORT, FL US","  58.0","24","  37.7","24","9999.9"," 0","023.5","24"," 10.0","24","  8.4","24"," 13.0"," 25.1","  69.8","*","  48.2","*"," 0.00","I","999.9","000000"
"72037492825","2008-10-29","27.91556","-82.44917","2.4","TAMPA PETER O KNIGHT AIRPORT, FL US","  53.6","24","  36.4","24","9999.9"," 0","026.1","24"," 10.0","24","  5.2","24","  8.9"," 15.9","  64.4","*","  44.6","*"," 0.00","I","999.9","000000"
"72037492825","2008-10-30","27.91556","-82.44917","2.4","TAMPA PETER O KNIGHT AIRPORT, FL US","  54.3","22","  41.8","22","9999.9"," 0","027.2","21"," 10.0","22","  5.7","22"," 11.1"," 15.0","  71.6","*","  28.4","*"," 0.00","I","999.9","000000"
"72037492825","2008-10-31","27.91556","-82.44917","2.4","TAMPA PETER O KNIGHT AIRPORT, FL US","  71.3","13","  56.1","13","9999.9"," 0","027.8","13","  6.7","13"," 11.4","13"," 15.9"," 21.0","  78.8","*","  57.2","*"," 0.00","I","999.9","000000"
"72037492825","2008-11-01","27.91556","-82.44917","2.4","TAMPA PETER O KNIGHT AIRPORT, FL US","  66.3","24","  60.8","24","9999.9"," 0","024.4","24","  9.8","24","  8.5","24"," 13.0"," 17.1","  77.0","*","  59.0","*","99.99"," ","999.9","010000"
"72037492825","2008-11-02","27.91556","-82.44917","2.4","TAMPA PETER O KNIGHT AIRPORT, FL US","  67.7","24","  65.0","24","9999.9"," 0","020.8","24","  9.5","24","  7.1","24"," 13.0"," 20.0","  75.2","*","  64.4","*","99.99"," ","999.9","010000"
"72037492825","2008-11-03","27.91556","-82.44917","2.4","TAMPA PETER O KNIGHT AIRPORT, FL US","  66.1","18","  64.5","18","9999.9"," 0","018.9","18"," 10.0","18","  8.1","18"," 12.0"," 14.0","  73.4","*","  64.4","*"," 0.00","I","999.9","000000"
"72037492825","2008-11-04","27.91556","-82.44917","2.4","TAMPA PETER O KNIGHT AIRPORT, FL US","  65.9","14","  62.6","14","9999.9"," 0","017.2","14","  9.4","14","  3.9","14"," 15.0"," 15.9","  71.6","*","  62.6","*"," 0.00","I","999.9","000000"
"72037492825","2008-11-05","27.91556","-82.44917","2.4","TAMPA PETER O KNIGHT AIRPORT, FL US","  62.1"," 4","  58.6"," 4","9999.9"," 0","016.7"," 4"," 10.0"," 4","  2.3"," 4","  7.0","999.9","  66.2","*","  33.8","*"," 0.00","I","999.9","000000"
"72037492825","2008-11-06","27.91556","-82.44917","2.4","TAMPA PETER O KNIGHT AIRPORT, FL US","  66.3","24","  60.8","24","9999.9"," 0","017.2","24","  9.6","24","  2.8","24","  7.0","999.9","  75.2","*","  57.2","*"," 0.00","I","999.9","000000"
"72037492825","2008-11-07","27.91556","-82.44917","2.4","TAMPA PETER O KNIGHT AIRPORT, FL US","  67.2","24","  62.3","24","9999.9"," 0","016.0","24","  8.2","24","  2.3","24","  7.0","999.9","  80.6","*","  57.2","*"," 0.00","I","999.9","000000"
"72037492825","2008-11-08","27.91556","-82.44917","2.4","TAMPA PETER O KNIGHT AIRPORT, FL US","  64.9","19","  61.5","19","9999.9"," 0","014.2","18"," 10.0","19","  2.1","19","  8.0"," 14.0","  71.6","*","  57.2","*"," 0.00","I","999.9","000000"
"72037492825","2008-11-09","27.91556","-82.44917","2.4","TAMPA PETER O KNIGHT AIRPORT, FL US","  65.4","24","  54.5","24","9999.9"," 0","015.1","24"," 10.0","24","  2.8","24","  8.0","999.9","  75.2","*","  57.2","*"," 0.00","I","999.9","000000"
"72037492825","2008-11-10","27.91556","-82.44917","2.4","TAMPA PETER O KNIGHT AIRPORT, FL US","  63.8","24","  47.6","24","9999.9"," 0","017.5","24"," 10.0","24","  4.4","24","  9.9"," 14.0","  75.2","*","  53.6","*"," 0.00","I","999.9","000000"
"72037492825","2008-11-11","27.91556","-82.44917","2.4","TAMPA PETER O KNIGHT AIRPORT, FL US","  61.7","19","  54.5","19","9999.9"," 0","018.9","19"," 10.0","19","  8.2","19"," 17.1"," 19.0","  73.4","*","  55.4","*"," 0.00","I","999.9","000000"
"72037492825","2008-11-12","27.91556","-82.44917","2.4","TAMPA PETER O KNIGHT AIRPORT, FL US","  73.0","24","  67.3","24","9999.9"," 0","016.2","24"," 10.0","24","  8.2","24"," 12.0"," 15.0","  87.8","*","  64.4","*"," 0.00","I","999.9","000000"
"72037492825","2008-11-13","27.91556","-82.44917","2.4","TAMPA PETER O KNIGHT AIRPORT, FL US","  76.8","24","  73.2","24","9999.9"," 0","014.5","24","  9.3","24","  5.9","24","  9.9","999.9","  86.0","*","  71.6","*"," 0.00","I","999.9","000000"
"72037492825","2008-11-14","27.91556","-82.44917","2.4","TAMPA PETER O KNIGHT AIRPORT, FL US","  76.2","24","  73.2","24","9999.9"," 0","013.7","24","  9.5","24","  6.7","24"," 12.0"," 15.9","  84.2","*","  71.6","*"," 0.00","I","999.9","000000"
"72037492825","2008-11-15","27.91556","-82.44917","2.4","TAMPA PETER O KNIGHT AIRPORT, FL US","  74.0","24","  72.6","24","9999.9"," 0","012.2","24","  9.1","24","  5.1","24","  9.9"," 18.1","  80.6","*","  71.6","*","99.99"," ","999.9","010000"
"72037492825","2008-11-16","27.91556","-82.44917","2.4","TAMPA PETER O KNIGHT AIRPORT, FL US","  58.9","24","  46.0","24","9999.9"," 0","019.2","24"," 10.0","24","  7.9","24"," 13.0"," 19.0","  69.8","*","  50.0","*"," 0.00","I","999.9","000000"
"72037492825","2008-11-17","27.91556","-82.44917","2.4","TAMPA PETER O KNIGHT AIRPORT, FL US","  54.0","24","  41.5","24","9999.9"," 0","023.5","24"," 10.0","24","  5.1","24","  8.9","999.9","  66.2","*","  44.6","*"," 0.00","I","999.9","000000"
"72037492825","2008-11-18","27.91556","-82.44917","2.4","TAMPA PETER O KNIGHT AIRPORT, FL US","  58.3","24","  46.2","24","9999.9"," 0","022.8","24"," 10.0","24","  3.8","24"," 13.0"," 19.0","  68.0","*","  51.8","*"," 0.00","I","999.9","000000"
"72037492825","2008-11-19","27.91556","-82.44917","2.4","TAMPA PETER O KNIGHT AIRPORT, FL US","  50.5","24","  31.2","24","9999.9"," 0","025.1","24"," 10.0","24","  8.6","24"," 13.0"," 21.0","  62.6","*","  39.2","*"," 0.00","I","999.9","000000"
"72037492825","2008-11-20","27.91556","-82.44917","2.4","TAMPA PETER O KNIGHT AIRPORT, FL US","  55.9","20","  43.2","20","9999.9"," 0","022.1","20"," 10.0","20","  4.1","20","  8.0","999.9","  66.2","*","  42.8","*"," 0.00","I","999.9","000000"
"72037492825","2008-11-21","27.91556","-82.44917","2.4","TAMPA PETER O KNIGHT AIRPORT, FL US","  60.8","24","  54.0","24","9999.9"," 0","021.4","24","  7.6","24","  2.6","24"," 11.1"," 15.9","  71.6","*","  53.6","*"," 0.00","I","999.9","100000"
"72037492825","2008-11-22","27.91556","-82.44917","2.4","TAMPA PETER O KNIGHT AIRPORT, FL US","  54.2","24","  36.4","24","9999.9"," 0","029.5","24"," 10.0","24"," 11.0","24"," 17.1"," 22.0","  69.8","*","  42.8","*"," 0.00","I","999.9","000000"
"72037492825","2008-11-23","27.91556","-82.44917","2.4","TAMPA PETER O KNIGHT AIRPORT, FL US","  57.4","24","  47.2","24","9999.9"," 0","028.4","24"," 10.0","24","  7.0","24"," 11.1"," 14.0","  71.6","*","  46.4","*"," 0.00","I","999.9","000000"
"72037492825","2008-11-24","27.91556","-82.44917","2.4","TAMPA PETER O KNIGHT AIRPORT, FL US","  60.7","24","  51.4","24","9999.9"," 0","025.0","24"," 10.0","24","  5.7","24","  9.9","999.9","  75.2","*","  51.8","*"," 0.00","I","999.9","000000"
"72037492825","2008-11-25","27.91556","-82.44917","2.4","TAMPA PETER O KNIGHT AIRPORT, FL US","  62.5","24","  56.1","24","9999.9"," 0","020.1","24","  9.9","24","  2.1","24","  6.0","999.9","  71.6","*","  55.4","*","99.99"," ","999.9","010000"
"72037492825","2008-11-26","27.91556","-82.44917","2.4","TAMPA PETER O KNIGHT AIRPORT, FL US","  56.4","24","  42.0","24","9999.9"," 0","021.1","24"," 10.0","24","  4.2","24","  8.0","999.9","  69.8","*","  42.8","*"," 0.00","I","999.9","000000"
"72037492825","2008-11-27","27.91556","-82.44917","2.4","TAMPA PETER O KNIGHT AIRPORT, FL US","  55.2","24","  44.3","24","9999.9"," 0","021.3","24","  9.9","24","  2.3","24","  8.0","999.9","  69.8","*","  44.6","*"," 0.00","I","999.9","000000"
"72037492825","2008-11-28","27.91556","-82.44917","2.4","TAMPA PETER O KNIGHT AIRPORT, FL US","  59.1","24","  48.2","24","9999.9"," 0","018.9","24","  9.6","24","  1.5","24","  6.0","999.9","  75.2","*","  48.2","*"," 0.00","I","999.9","000000"
"72037492825","2008-11-29","27.91556","-82.44917","2.4","TAMPA PETER O KNIGHT AIRPORT, FL US","  63.3","24","  58.7","24","9999.9"," 0","013.9","24"," 10.0","24","  4.7","24"," 12.0"," 17.1","  75.2","*","  55.4","*"," 0.00","I","999.9","000000"
"72037492825","2008-11-30","27.91556","-82.44917","2.4","TAMPA PETER O KNIGHT AIRPORT, FL US","  66.7","24","  64.5","24","9999.9"," 0","006.4","24","  9.5","24","  9.5","24"," 24.1"," 29.9","  78.8","*","  62.6","*","99.99"," ","999.9","010000"
"72037492825","2008-12-01","27.91556","-82.44917","2.4","TAMPA PETER O KNIGHT AIRPORT, FL US","  63.4","24","  58.3","24","9999.9"," 0","012.9","24","  9.3","24","  3.7","24","  8.0","999.9","  68.0","*","  59.0","*","99.99"," ","999.9","010000"
"72037492825","2008-12-02","27.91556","-82.44917","2.4","TAMPA PETER O KNIGHT AIRPORT, FL US","  56.6","24","  49.2","24","9999.9"," 0","022.9","24","  9.6","24","  6.1","24"," 14.0"," 18.1","  62.6","*","  48.2","*","99.99"," ","999.9","010000"
"72037492825","2008-12-03","27.91556","-82.44917","2.4","TAMPA PETER O KNIGHT AIRPORT, FL US","  51.7","24","  41.9","24","9999.9"," 0","026.6","24"," 10.0","24","  4.9","24","  8.9","999.9","  69.8","*","  39.2","*"," 0.00","I","999.9","000000"
"72037492825","2008-12-04","27.91556","-82.44917","2.4","TAMPA PETER O KNIGHT AIRPORT, FL US","  60.4","24","  52.8","24","9999.9"," 0","023.6","24"," 10.0","24","  4.2","24","  7.0","999.9","  73.4","*","  51.8","*"," 0.00","I","999.9","000000"
"72037492825","2008-12-05","27.91556","-82.44917","2.4","TAMPA PETER O KNIGHT AIRPORT, FL US","  63.1","24","  54.0","24","9999.9"," 0","022.1","24"," 10.0","24","  2.8","24","  6.0","999.9","  75.2","*","  51.8","*"," 0.00","I","999.9","000000"
"72037492825","2008-12-06","27.91556","-82.44917","2.4","TAMPA PETER O KNIGHT AIRPORT, FL US","  63.8","24","  59.5","24","9999.9"," 0","018.7","24","  9.6","24","  3.3","24"," 11.1","999.9","  73.4","*","  57.2","*","99.99"," ","999.9","010000"
"72037492825","2008-12-07","27.91556","-82.44917","2.4","TAMPA PETER O KNIGHT AIRPORT, FL US","  60.7","24","  50.6","24","9999.9"," 0","019.2","24","  9.0","24","  4.0","24"," 11.1"," 18.1","  66.2","*","  53.6","*","99.99"," ","999.9","010000"
"72037492825","2008-12-08","27.91556","-82.44917","2.4","TAMPA PETER O KNIGHT AIRPORT, FL US","  56.1","24","  43.2","24","9999.9"," 0","023.1","24"," 10.0","24","  6.7","24"," 12.0"," 15.0","  73.4","*","  44.6","*"," 0.00","I","999.9","000000"
"72037492825","2008-12-09","27.91556","-82.44917","2.4","TAMPA PETER O KNIGHT AIRPORT, FL US","  66.1","24","  58.2","24","9999.9"," 0","021.0","24"," 10.0","24","  5.5","24","  8.0","999.9","  80.6","*","  57.2","*"," 0.00","I","999.9","000000"
"72037492825","2008-12-10","27.91556","-82.44917","2.4","TAMPA PETER O KNIGHT AIRPORT, FL US","  71.6","24","  67.6","24","9999.9"," 0","017.1","24","  9.0","24","  7.1","24"," 12.0"," 17.1","  80.6","*","  66.2","*"," 0.00","I","999.9","000000"
"72037492825","2008-12-11","27.91556","-82.44917","2.4","TAMPA PETER O KNIGHT AIRPORT, FL US","  69.3","24","  67.4","24","9999.9"," 0","011.2","24","  8.9","24","  9.1","24"," 17.1"," 26.0","  71.6","*","  62.6","*","99.99"," ","999.9","010000"
"72037492825","2008-12-12","27.91556","-82.44917","2.4","TAMPA PETER O KNIGHT AIRPORT, FL US","  61.1","24","  55.6","24","9999.9"," 0","014.8","24","  9.8","24","  7.5","24"," 12.0"," 20.0","  68.0","*","  53.6","*","99.99"," ","999.9","010000"
"72037492825","2008-12-13","27.91556","-82.44917","2.4","TAMPA PETER O KNIGHT AIRPORT, FL US","  53.9","24","  43.2","24","9999.9"," 0","023.7","24"," 10.0","24","  7.8","24"," 12.0"," 18.1","  66.2","*","  42.8","*"," 0.00","I","999.9","000000"
"72037492825","2008-12-14","27.91556","-82.44917","2.4","TAMPA PETER O KNIGHT AIRPORT, FL US","  62.7","24","  55.1","24","9999.9"," 0","023.9","24"," 10.0","24","  7.7","24"," 11.1"," 14.0","  77.0","*","  53.6","*"," 0.00","I","999.9","000000"
"72037492825","2008-12-15","27.91556","-82.44917","2.4","TAMPA PETER O KNIGHT AIRPORT, FL US","  69.2","24","  64.6","24","9999.9"," 0","024.2","24","  9.4","24","  5.6","24","  9.9"," 15.9","  73.4","*","  66.2","*","99.99"," ","999.9","010000"
"72037492825","2008-12-16","27.91556","-82.44917","2.4","TAMPA PETER O KNIGHT AIRPORT, FL US","  68.8","24","  64.9","24","9999.9"," 0","023.4","24","  7.7","24","  1.8","24","  6.0","999.9","  80.6","*","  60.8","*","99.99"," ","999.9","110000"
"72037492825","2008-12-17","27.91556","-82.44917","2.4","TAMPA PETER O KNIGHT AIRPORT, FL US","  69.2","24","  65.4","24","9999.9"," 0","022.9","24","  9.0","24","  1.2","24","  4.1","999.9","  80.6","*","  62.6","*"," 0.00","I","999.9","000000"
"72037492825","2008-12-18","27.91556","-82.44917","2.4","TAMPA PETER O KNIGHT AIRPORT, FL US","  69.7","24","  65.5","24","9999.9"," 0","024.4","24","  8.5","24","  2.4","24","  7.0","999.9","  78.8","*","  60.8","*"," 0.00","I","999.9","100000"
"72037492825","2008-12-19","27.91556","-82.44917","2.4","TAMPA PETER O KNIGHT AIRPORT, FL US","  68.1","24","  64.7","24","9999.9"," 0","023.6","24","  7.3","24","  1.7","24","  6.0","999.9","  77.0","*","  62.6","*"," 0.00","I","999.9","100000"
"72037492825","2008-12-20","27.91556","-82.44917","2.4","TAMPA PETER O KNIGHT AIRPORT, FL US","  64.6","24","  63.3","24","9999.9"," 0","020.2","23","  4.7","24","  1.5","24","  8.9","999.9","  71.6","*","  59.0","*"," 0.00","I","999.9","100000"
"72037492825","2008-12-21","27.91556","-82.44917","2.4","TAMPA PETER O KNIGHT AIRPORT, FL US","  66.6","24","  64.8","24","9999.9"," 0","017.3","24","  9.6","24","  4.7","24"," 12.0","999.9","  73.4","*","  60.8","*"," 0.00","I","999.9","000000"
"72037492825","2008-12-22","27.91556","-82.44917","2.4","TAMPA PETER O KNIGHT AIRPORT, FL US","  58.6","24","  41.3","24","9999.9"," 0","022.6","24"," 10.0","24","  7.3","24"," 12.0"," 18.1","  68.0","*","  50.0","*"," 0.00","I","999.9","000000"
"72037492825","2008-12-23","27.91556","-82.44917","2.4","TAMPA PETER O KNIGHT AIRPORT, FL US","  56.6","24","  46.3","24","9999.9"," 0","028.1","24"," 10.0","24"," 11.7","24"," 15.9"," 20.0","  75.2","*","  44.6","*"," 0.00","I","999.9","000000"
"72037492825","2008-12-24","27.91556","-82.44917","2.4","TAMPA PETER O KNIGHT AIRPORT, FL US","  69.0","24","  62.6","24","9999.9"," 0","025.9","24"," 10.0","24","  7.3","24"," 13.0"," 17.1","  82.4","*","  60.8","*"," 0.00","I","999.9","000000"
"72037492825","2008-12-25","27.91556","-82.44917","2.4","TAMPA PETER O KNIGHT AIRPORT, FL US","  73.1","24","  69.9","24","9999.9"," 0","024.9","24","  9.6","24","  4.2","24","  8.0","999.9","  78.8","*","  69.8","*"," 0.00","I","999.9","000000"
"72037492825","2008-12-26","27.91556","-82.44917","2.4","TAMPA PETER O KNIGHT AIRPORT, FL US","  73.2","24","  68.4","24","9999.9"," 0","025.0","24","  8.8","24","  5.8","24"," 12.0"," 15.9","  82.4","*","  66.2","*","99.99"," ","999.9","010000"
"72037492825","2008-12-27","27.91556","-82.44917","2.4","TAMPA PETER O KNIGHT AIRPORT, FL US","  70.4","24","  64.0","24","9999.9"," 0","024.7","24","  9.9","24","  7.2","24"," 12.0"," 18.1","  80.6","*","  62.6","*"," 0.00","I","999.9","000000"
"72037492825","2008-12-28","27.91556","-82.44917","2.4","TAMPA PETER O KNIGHT AIRPORT, FL US","  70.1","24","  63.3","24","9999.9"," 0","023.5","24"," 10.0","24","  3.8","24","  8.9"," 15.0","  80.6","*","  62.6","*"," 0.00","I","999.9","000000"
"72037492825","2008-12-29","27.91556","-82.44917","2.4","TAMPA PETER O KNIGHT AIRPORT, FL US","  67.6","24","  63.1","24","9999.9"," 0","022.3","24"," 10.0","24","  2.2","24","  6.0","999.9","  77.0","*","  60.8","*"," 0.00","I","999.9","000000"
"72037492825","2008-12-30","27.91556","-82.44917","2.4","TAMPA PETER O KNIGHT AIRPORT, FL US","  66.7","24","  58.5","24","9999.9"," 0","021.1","24","  9.4","24","  3.9","24","  9.9","999.9","  73.4","*","  60.8","*"," 0.00","I","999.9","000000"
"72037492825","2008-12-31","27.91556","-82.44917","2.4","TAMPA PETER O KNIGHT AIRPORT, FL US","  61.5","24","  56.0","24","9999.9"," 0","018.4","24","  9.8","24","  2.4","24","  8.9"," 14.0","  73.4","*","  53.6","*"," 0.00","I","999.9","000000"
